,Lead Artist(s),Counts,familiarity,hotttnesss
1244,Madonna,36,0.834375,0.780054
1252,Mariah Carey,29,0.823746,0.817989
1619,Rihanna,27,0.849921,0.830018
1885,The Beatles,26,0.905476,0.775545
636,Elton John,26,0.826513,0.681196
909,Janet Jackson,23,0.795111,0.752127
1316,Michael Jackson,22,0.870374,0.753392
1808,Stevie Wonder,22,0.847908,0.732212
2241,Whitney Houston,21,0.811,0.675415
2197,Usher,20,0.791469,0.705289
1536,Pink,18,0.504721,0.725296
1569,R. Kelly,17,0.77348,0.70547
1084,Kelly Clarkson,16,0.785063,0.740926
1893,The Black Eyed Peas,16,0.780409,0.712937
187,Beyoncé,16,0.848403,0.795543
296,Britney Spears,16,0.825172,0.766892
639,Elvis Presley,16,0.835932,0.794542
377,Chris Brown,15,0.830725,0.834893
375,Chicago,15,0.711847,0.632087
642,Eminem,14,0.883337,0.814835
110,Aretha Franklin,14,0.789794,0.661031
1077,Katy Perry,14,0.81656,0.812754
1220,Ludacris,14,0.786717,0.621592
1852,Taylor Swift,14,0.869269,0.901828
1640,Rod Stewart,14,0.757625,0.732731
2091,The Temptations,13,0.748694,0.668853
1530,Phil Collins,13,0.773735,0.740115
2058,The Rolling Stones,13,0.881965,0.734121
1884,The Beach Boys,13,0.823481,0.690003
2084,The Supremes,12,0.712075,0.61469
1264,Maroon 5,12,0.8101,0.849666
171,Bee Gees,12,0.754194,0.715408
206,Billy Joel,12,0.78699,0.663087
1119,Kool & the Gang,12,0.691664,0.633799
1056,Justin Timberlake,12,0.812701,0.779031
1135,Lady Gaga,12,0.841422,0.786401
74,Alicia Keys,12,0.811279,0.661015
278,Boyz II Men,12,0.7288,0.675568
265,Bon Jovi,12,0.804859,0.733684
1176,Lionel Richie,12,0.736176,0.620205
51,Aerosmith,12,0.831761,0.673221
1069,Kanye West,12,0.877735,0.761182
1392,Neil Diamond,12,0.71678,0.704567
1444,Olivia Newton-John,12,0.664205,0.592636
533,Destiny's Child,12,0.738117,0.653732
1907,The Carpenters,11,0.704199,0.732123
36,Aaliyah,11,0.717678,0.558468
1397,Nelly,11,0.752542,0.788832
289,Brenda Lee,11,0.625662,0.639209
482,Daryl Hall & John Oates,11,0.321972,0.324714
307,Bryan Adams,11,0.748057,0.762037
163,Barry Manilow,11,0.671846,0.641166
557,Dionne Warwick,11,0.638665,0.587998
765,George Michael,11,0.738687,0.645521
1415,Nickelback,11,0.776987,0.656072
601,Duran Duran,11,0.78713,0.700625
368,Cher,11,0.731248,0.640134
1271,Marvin Gaye,11,0.81468,0.771595
539,Diana Ross,11,0.733399,0.595538
931,Jennifer Lopez,11,0.772317,0.724023
922,Jay-Z,11,0.882358,0.66941
579,Donna Summer,10,0.714653,0.633971
282,Brandy,10,0.69142,0.615432
1606,Richard Marx,10,0.635424,0.615229
706,Fleetwood Mac,10,0.809559,0.79631
1838,T.I.,10,0.818747,0.688594
760,Genesis,10,0.77533,0.611397
1312,Michael Bolton,10,0.656021,0.595707
1839,TLC,10,0.707816,0.649953
852,Huey Lewis and the News,10,0.648186,0.598361
1389,Ne-Yo,10,0.765938,0.713347
594,Drake,10,0.871473,0.892731
707,Flo Rida,9,0.719549,0.826874
1551,Prince,9,0.837057,0.609048
2127,Three Dog Night,9,0.642857,0.587965
1585,Ray Charles,9,0.787315,0.713238
2158,Toni Braxton,9,0.701163,0.617308
21,50 Cent,9,0.801128,0.626306
1163,Lil Wayne,9,0.87316,0.627773
1813,Styx,9,0.687737,0.622362
632,Electric Light Orchestra,9,0.737596,0.716701
1693,Santana,9,0.774846,0.654088
609,"Earth, Wind & Fire",9,0.759008,0.647232
304,Bruce Springsteen,9,0.829326,0.774736
715,Foreigner,9,0.705965,0.64038
1275,Mary J. Blige,9,0.783095,0.677612
348,Celine Dion,9,0.778872,0.772432
1094,Kenny Rogers,9,0.685387,0.677251
655,Eric Clapton,8,0.815467,0.661966
1729,Sheryl Crow,8,0.749094,0.696772
1563,Queen,8,0.859288,0.746099
1078,Ke$ha,8,0.736838,0.676621
1707,Sean Paul,8,0.711465,0.689592
2024,The Miracles,8,0.568338,0.520726
419,Commodores,8,0.670503,0.600145
384,Christina Aguilera,8,0.787175,0.701268
1658,Roy Orbison,8,0.750829,0.618573
1959,The Four Seasons,8,0.5111,0.492237
1081,Keith Sweat,8,0.647251,0.590372
2145,Tom Jones,8,0.688108,0.66348
1089,Kenny Chesney,8,0.726528,0.755465
306,Bruno Mars,8,0.77111,0.795242
607,Eagles,8,0.793671,0.709249
825,Heart,8,0.762865,0.607495
250,Bobby Brown,8,0.662669,0.575905
2130,Tim McGraw,8,0.735289,0.782224
129,Avril Lavigne,8,0.790646,0.690703
1850,Taylor Dayne,8,0.55527,0.573124
1343,Missy Elliott,8,0.754683,0.781241
1349,Monica,8,0.716591,0.58952
56,Akon,8,0.759084,0.74164
1487,Paul Anka,8,0.617786,0.65688
55,Air Supply,8,0.623394,0.615392
102,Anne Murray,8,0.561309,0.540507
14,3 Doors Down,8,0.717374,0.666012
146,Backstreet Boys,7,0.75274,0.664011
1030,Johnny Rivers,7,0.575287,0.512762
92,Andy Gibb,7,0.495437,0.522624
1931,The Dave Clark Five,7,0.563669,0.492106
516,Def Leppard,7,0.76956,0.740028
1169,Linda Ronstadt,7,0.694309,0.592207
2224,War,7,0.645505,0.55522
1128,LL Cool J,7,0.74255,0.601628
897,James Brown,7,0.815852,0.656972
1,'N Sync,7,0.672966,0.675298
1501,Paula Abdul,7,0.639754,0.585614
835,Herman's Hermits,7,0.626261,0.608001
1991,The Jackson 5,7,0.53256,0.286092
2189,U2,7,0.871539,0.736157
2077,The Spinners,7,0.633124,0.55039
157,Barbra Streisand,7,0.722439,0.660287
1538,Pitbull,7,0.755046,0.833483
1617,Ricky Nelson,7,0.458826,0.506879
2142,Toby Keith,7,0.710142,0.704435
1175,Linkin Park,7,0.826609,0.728359
2132,Timbaland,7,0.802656,0.657657
436,Creedence Clearwater Revival,7,0.746763,0.666972
814,Hall & Oates,7,0.7214,0.674015
883,Ja Rule,7,0.657942,0.573153
779,Ginuwine,7,0.676805,0.566955
1336,Miley Cyrus,7,0.816509,0.743093
780,Gladys Knight & the Pips,7,0.608143,0.597451
1740,Simon & Garfunkel,7,0.788272,0.659478
1836,T-Pain,7,0.748308,0.611274
420,Connie Francis,7,0.57581,0.570955
1809,Sting,7,0.808319,0.703623
1724,Sheena Easton,7,0.550501,0.524756
829,Helen Reddy,7,0.502515,0.521352
1679,Sam Cooke,7,0.756312,0.630574
1188,Little River Band,7,0.563484,0.507008
648,Enrique Iglesias,7,0.751302,0.808813
1458,Outkast,6,0.793252,0.605117
495,David Guetta,6,0.807236,0.887831
1428,No Doubt,6,0.74574,0.625205
339,Carrie Underwood,6,0.775916,0.785008
1867,The 5th Dimension,6,0.561139,0.53446
2073,The Shirelles,6,0.628393,0.546037
676,Exposé,6,0.410908,0.485577
794,Goo Goo Dolls,6,0.72721,0.61564
8,112,6,0.610372,0.574266
644,En Vogue,6,0.636049,0.580044
1558,Puff Daddy,6,0.615368,0.418673
2100,The Turtles,6,0.651635,0.566446
259,Bobby Rydell,6,0.427729,0.4768
841,Hootie & the Blowfish,6,0.629028,0.56753
263,Bobby Vinton,6,0.538338,0.592616
1337,Milli Vanilli,6,0.567305,0.500882
1950,The Everly Brothers,6,0.704177,0.592331
2138,Tina Turner,6,0.73926,0.615385
1408,New Kids on the Block,6,0.655902,0.615362
71,Alice Cooper,6,0.790111,0.67473
681,Faith Hill,6,0.701333,0.674217
692,Fergie,6,0.717461,0.711617
2151,Tommy James and the Shondells,6,0.578039,0.534938
315,Busta Rhymes,6,0.761542,0.64713
1974,The Hollies,6,0.688953,0.552337
207,Billy Ocean,6,0.587685,0.562439
554,Dion,6,0.61935,0.56289
684,Fall Out Boy,6,0.789724,0.79758
952,Jewel,6,0.673019,0.573084
2173,Train,6,0.702844,0.721984
2046,The Pointer Sisters,6,0.635466,0.584002
49,Adele,6,0.839977,0.935337
1044,Journey,6,0.760884,0.736837
395,Ciara,6,0.749624,0.729409
13,2Pac,6,0.83274,0.653096
143,Babyface,6,0.724365,0.638441
389,Christopher Cross,6,0.501666,0.518363
1757,Sly & the Family Stone,6,0.741118,0.691161
417,Color Me Badd,6,0.513522,0.510187
31,ABBA,6,0.785285,0.654721
859,INXS,6,0.643345,0.587593
2034,The O'Jays,6,0.652125,0.563548
43,Ace of Base,6,0.639848,0.569165
1006,John Mayer,6,0.804966,0.716532
2199,Van Halen,6,0.798802,0.594477
1795,Steely Dan,6,0.749157,0.610928
1494,Paul McCartney & Wings,6,0.271145,0.48581
1002,John Denver,6,0.680145,0.716132
58,Al Green,6,0.74631,0.602257
1803,Steve Winwood,6,0.67018,0.575531
450,Cyndi Lauper,6,0.751473,0.670489
446,Culture Club,6,0.642289,0.557451
26,98 Degrees,6,0.481732,0.459429
590,Dr. Dre,6,0.852944,0.750003
133,B.J. Thomas,6,0.54357,0.506567
1989,The Isley Brothers,6,0.708545,0.576464
1656,Roxette,6,0.684601,0.631569
1062,KC and the Sunshine Band,6,0.619835,0.574468
1497,Paul Revere & the Raiders,6,0.575345,0.510962
1703,Seal,5,0.682864,0.724221
1145,LeAnn Rimes,5,0.651546,0.574613
279,Boz Scaggs,5,0.637014,0.569696
2235,Wham!,5,0.671503,0.754627
491,David Bowie,5,0.864241,0.814477
1155,Leo Sayer,5,0.55195,0.513437
1157,Lesley Gore,5,0.577474,0.490432
1961,The Fray,5,0.674017,0.653491
423,Coolio,5,0.611276,0.623506
2003,The Kinks,5,0.803431,0.63342
2026,The Monkees,5,0.722146,0.581232
810,Gwen Stefani,5,0.776976,0.764446
435,Creed,5,0.716547,0.606184
1005,John Lennon,5,0.841065,0.803424
1001,John Cougar Mellencamp,5,0.485511,0.399458
262,Bobby Vee,5,0.503133,0.485755
782,Glen Campbell,5,0.662352,0.584244
1997,The Jets,5,0.526524,0.50686
415,Coldplay,5,0.860209,0.940811
1142,Laura Branigan,5,0.464174,0.512299
2056,The Righteous Brothers,5,0.561032,0.543456
1801,Steve Miller Band,5,0.695692,0.612168
376,Chingy,5,0.548367,0.575984
484,Daughtry,5,0.671213,0.620511
1718,Shania Twain,5,0.725072,0.719062
2047,The Police,5,0.781163,0.717575
335,Carly Simon,5,0.692839,0.653161
680,Faith Evans,5,0.677091,0.535433
507,Debbie Gibson,5,0.493665,0.515435
329,Captain & Tennille,5,0.547212,0.524818
1865,Tevin Campbell,5,0.52854,0.535884
1629,Robert Palmer,5,0.58675,0.521245
390,Chubby Checker,5,0.602213,0.570644
1055,Justin Bieber,5,0.842991,0.91195
2254,Wings,5,0.600449,0.620606
1716,Shakira,5,0.76698,0.790467
1671,SWV,5,0.63221,0.554417
1620,Ringo Starr,5,0.709965,0.569959
1398,Nelly Furtado,5,0.702853,0.591443
1474,Pat Benatar,5,0.63679,0.531425
808,Guns N' Roses,5,0.861651,0.74997
1969,The Guess Who,5,0.586742,0.551737
1134,Lady Antebellum,5,0.722668,0.728462
1882,The Bangles,5,0.668471,0.576022
1613,Rick Springfield,5,0.644282,0.561739
2121,Third Eye Blind,5,0.717227,0.601514
1091,Kenny Loggins,5,0.667016,0.637446
1560,Pussycat Dolls,5,0.633845,0.557688
892,Jagged Edge,5,0.648518,0.578108
2177,Trey Songz,5,0.750634,0.687002
1222,Luke Bryan,5,0.703089,0.802048
1763,Snoop Dogg,5,0.836875,0.636096
1853,Tears for Fears,5,0.736361,0.617117
583,Donny Osmond,5,0.524659,0.567132
202,Billy Idol,5,0.728116,0.614684
1525,Peter and Gordon,5,0.505529,0.484425
1493,Paul McCartney,5,0.810518,0.743605
141,Baby Bash,5,0.612406,0.639474
1528,Petula Clark,5,0.610208,0.563961
2165,Total,5,0.454358,0.521151
1197,Lonestar,5,0.617583,0.572988
1938,The Doors,5,0.818626,0.633199
219,Blake Shelton,5,0.718265,0.772108
88,Amy Grant,5,0.649427,0.636777
1394,Neil Sedaka,5,0.6185,0.631669
1265,Martha and the Vandellas,5,0.399696,0.51297
1498,Paul Simon,5,0.777169,0.64601
1450,OneRepublic,5,0.727266,0.782351
1908,The Cars,5,0.715427,0.605087
1417,Nicki Minaj,5,0.79748,0.775667
2153,Tommy Roe,5,0.470967,0.475804
750,Gary Puckett & The Union Gap,5,0.475028,0.532584
118,Ashanti,5,0.663524,0.603319
1823,Survivor,5,0.637804,0.601048
242,Bob Seger & The Silver Bullet Band,5,0.232891,0.401039
1596,Red Hot Chili Peppers,5,0.845089,0.677831
181,Bette Midler,5,0.666939,0.699583
252,Bobby Darin,5,0.639389,0.62631
1299,Melissa Etheridge,5,0.656447,0.558207
597,Dru Hill,5,0.609087,0.566273
1595,Real McCoy,5,0.48005,0.514044
913,Jason Aldean,5,0.715986,0.743356
751,Gary U.S. Bonds,5,0.445568,0.483314
1411,Next,5,0.677692,0.597467
1591,Ray Stevens,5,0.559795,0.518528
2166,Toto,5,0.739641,0.605323
1782,Spice Girls,5,0.697852,0.593265
1896,The Box Tops,4,0.55492,0.504448
761,George Benson,4,0.699155,0.62154
1463,P.M. Dawn,4,0.532836,0.54598
573,Don Henley,4,0.679511,0.69475
2049,The Pretenders,4,0.695517,0.562609
763,George Harrison,4,0.761857,0.578347
1870,The All-American Rejects,4,0.66178,0.597267
888,Jackie Wilson,4,0.645178,0.550906
374,Chic,4,0.635327,0.580035
255,Bobby Goldsboro,4,0.480197,0.478903
1074,Karyn White,4,0.472841,0.579263
173,Belinda Carlisle,4,0.623793,0.554779
94,Andy Williams,4,0.619281,0.674927
1544,Poison,4,0.711792,0.615526
1827,Sweet,4,0.623231,0.534834
1651,Ronnie Milsap,4,0.571447,0.560372
955,Jim Croce,4,0.612485,0.52525
365,Charlie Rich,4,0.597216,0.494804
1166,Lil' Kim,4,0.716805,0.577828
1049,Juice Newton,4,0.478022,0.478121
801,Green Day,4,0.841022,0.630882
2276,fun.,4,0.668918,0.746122
1508,Peaches & Herb,4,0.462432,0.501639
991,Joe Simon,4,0.454436,0.487678
1303,Men at Work,4,0.643572,0.568005
1696,Savage Garden,4,0.62833,0.59577
866,Imagine Dragons,4,0.667679,0.831368
1695,Sarah McLachlan,4,0.72951,0.701801
982,Joe,4,0.74211,0.593334
811,Gym Class Heroes,4,0.65247,0.616368
981,Jody Watley,4,0.591757,0.546859
2251,Wilson Pickett,4,0.669335,0.55822
2250,Wilson Phillips,4,0.53663,0.546898
1294,Meat Loaf,4,0.669532,0.566036
980,Jodeci,4,0.658531,0.571403
1387,Naughty by Nature,4,0.636702,0.613226
753,Gavin DeGraw,4,0.667245,0.608089
592,Dr. Hook & The Medicine Show,4,0.367949,0.488683
591,Dr. Hook,4,0.561236,0.525576
2203,Vanessa Williams,4,0.545093,0.520104
413,Colbie Caillat,4,0.681371,0.623177
136,B.o.B,4,0.726989,0.628068
2033,The Notorious B.I.G.,4,0.797138,0.768982
1526,"Peter, Paul and Mary",4,0.611791,0.557314
1035,Jon Secada,4,0.538732,0.525402
1272,Marvin Gaye & Tammi Terrell,4,0.227289,0.342324
728,Frankie Valli,4,0.61311,0.545959
1800,Steve Lawrence,4,0.49502,0.493993
1385,Natasha Bedingfield,4,0.658702,0.575642
1772,Sonny & Cher,4,0.578819,0.566
2190,UB40,4,0.675434,0.573608
2244,Will Smith,4,0.747023,0.670115
718,Four Tops,4,0.679278,0.625785
889,Jackson Browne,4,0.722503,0.575742
1121,Kris Kross,4,0.575749,0.564429
901,James Taylor,4,0.782155,0.721306
1129,LMFAO,4,0.680382,0.72566
616,Eddie Money,4,0.591176,0.554168
788,Gloria Estefan and Miami Sound Machine,4,0.370986,0.480897
2264,Young Jeezy,4,0.257679,0.252757
218,Blackstreet,4,0.620099,0.568361
1572,REO Speedwagon,4,0.672178,0.569933
2147,Tom Petty and the Heartbreakers,4,0.743381,0.590479
787,Gloria Estefan,4,0.673937,0.637587
297,Brook Benton,4,0.508423,0.511743
2271,Zac Brown Band,4,0.674451,0.777054
519,Del Shannon,4,0.602066,0.504577
294,Brian McKnight,4,0.673652,0.598231
618,Eddie Rabbitt,4,0.53897,0.540625
1351,Montell Jordan,4,0.553637,0.533904
85,America,4,0.726568,0.605041
1967,The Grass Roots,4,0.612172,0.504526
1608,Rick Astley,4,0.620807,0.566724
1966,The Go-Go's,4,0.620859,0.541881
284,Bread,4,0.625514,0.57158
2258,Xscape,4,0.56087,0.532943
1407,New Edition,4,0.641766,0.524905
1383,Natalie Cole,4,0.636716,0.659093
2115,The Young Rascals,4,0.489267,0.475702
273,Bow Wow,4,0.698642,0.629355
1159,Lifehouse,4,0.683611,0.581118
916,Jason Mraz,4,0.743868,0.739066
266,Bone Thugs-n-Harmony,4,0.730463,0.634245
1778,Soulja Boy Tell 'Em,4,0.349473,0.436013
690,Fat Joe,4,0.679112,0.586632
223,Blondie,4,0.785301,0.628907
921,Jay and the Americans,4,0.465245,0.475774
324,Calvin Harris,4,0.764951,0.90029
891,Jade,4,0.50083,0.507032
2163,Tony Orlando and Dawn,4,0.478775,0.499848
1441,Ohio Players,4,0.609522,0.517417
679,Fabolous,4,0.736158,0.606971
341,Case,4,0.532646,0.529931
1941,The Drifters,4,0.636171,0.579933
1631,Roberta Flack,4,0.647648,0.573305
2083,The Stylistics,4,0.603629,0.520628
504,DeBarge,4,0.531809,0.480588
1104,Keyshia Cole,4,0.691296,0.634826
65,Alan Jackson,4,0.709027,0.752238
833,Herb Alpert,4,0.592599,0.492257
2255,Wiz Khalifa,3,0.809804,0.858241
2010,The Lovin' Spoonful,3,0.567114,0.492664
1381,Nat King Cole,3,0.725694,0.727348
1960,The Four Tops,3,0.679278,0.625785
465,Da Brat,3,0.542762,0.469532
1922,The Cowsills,3,0.527466,0.49065
1705,Sean Kingston,3,0.66686,0.61691
560,Dire Straits,3,0.752695,0.683665
2008,The Lettermen,3,0.502102,0.59859
838,Hinder,3,0.609317,0.57623
947,Jessica Simpson,3,0.67138,0.588121
832,Henry Mancini,3,0.639854,0.612003
940,Jerry Butler,3,0.529945,0.49466
1983,The Human League,3,0.715414,0.562887
1965,The Game,3,0.775895,0.725056
567,Dixie Chicks,3,0.710058,0.670223
914,Jason Derulo,3,0.584501,0.84388
2001,The Kingsmen,3,0.562235,0.553858
1963,The Friends of Distinction,3,0.364154,0.51681
915,Jason Derülo,3,0.584501,0.84388
919,Jay Sean,3,0.644425,0.572887
865,Ike & Tina Turner,3,0.629252,0.543635
1792,Starship,3,0.540555,0.552749
943,Jesse McCartney,3,0.628698,0.585016
1721,Shaun Cassidy,3,0.40169,0.495028
552,Dino,3,0.539187,0.487725
908,Janet,3,0.295366,0.480605
512,Dee Dee Sharp,3,0.422875,0.484779
1899,The Brothers Johnson,3,0.582075,0.592516
1901,The Buckinghams,3,0.516772,0.552831
615,Eddie Kendricks,3,0.567021,0.535032
1761,Smokey Robinson,3,0.697309,0.577267
510,Deborah Cox,3,0.577491,0.564295
574,Don McLean,3,0.633677,0.567425
1992,The Jacksons,3,0.685054,0.601809
1774,Sophie B. Hawkins,3,0.511574,0.483679
826,Heatwave,3,0.607747,0.513163
1717,Shalamar,3,0.578306,0.540561
874,Irene Cara,3,0.53141,0.524323
1384,Natalie Merchant,3,0.64405,0.566626
1762,Snap!,3,0.546824,0.592438
1937,The Doobie Brothers,3,0.720163,0.633232
1714,Shai,3,0.544467,0.511568
1713,Shaggy,3,0.670188,0.768733
958,Jim Stafford,3,0.418721,0.496556
836,Hi-Five,3,0.492861,0.515036
471,Dan Fogelberg,3,0.617432,0.615945
1711,Selena Gomez & the Scene,3,0.615078,0.721384
855,Hunter Hayes,3,0.587848,0.584348
1986,The Impressions,3,0.606922,0.516262
937,Jermaine Jackson,3,0.513937,0.547607
823,Harry Nilsson,3,0.682982,0.566371
906,Jan and Dean,3,0.574427,0.510224
1404,Neon Trees,3,0.630183,0.582546
585,Donovan,3,0.693136,0.530993
1926,The Crystals,3,0.596097,0.531489
747,Gary Lewis & the Playboys,3,0.470672,0.5008
2114,The Yardbirds,3,0.72678,0.587244
1241,Macklemore and Ryan Lewis,3,0.593557,0.821049
1178,Lisa Lisa and Cult Jam,3,0.482238,0.553955
776,Gin Blossoms,3,0.644298,0.555298
1490,Paul Davis,3,0.33897,0.484396
2129,Tiffany,3,0.585748,0.54018
2125,Thompson Twins,3,0.564209,0.491741
1854,Technotronic,3,0.52923,0.560722
260,Bobby Sherman,3,0.427794,0.468902
1255,Mario,3,0.689307,0.590587
268,Bonnie Raitt,3,0.728868,0.562017
270,Booker T & the M.G.'s,3,0.651899,0.581441
699,FireHouse,3,0.61932,0.544935
2013,The Mamas & the Papas,3,0.695078,0.566635
277,Boys Like Girls,3,0.63115,0.558167
1154,Lenny Kravitz,3,0.780443,0.729268
2112,The Who,3,0.847372,0.645903
77,All-4-One,3,0.479045,0.515612
698,Finger Eleven,3,0.639942,0.656581
1533,Phillip Phillips,3,0.548659,0.592893
152,Bananarama,3,0.619906,0.54313
2103,The Ventures,3,0.651715,0.539718
303,Bruce Hornsby and the Range,3,0.445507,0.482673
67,Alanis Morissette,3,0.776105,0.732907
758,Gene Pitney,3,0.557951,0.515107
1805,Stevie Nicks,3,0.732157,0.599368
687,Far East Movement,3,0.533242,0.738109
1593,Raydio,3,0.347788,0.456941
237,Bob Dylan,3,0.874961,0.777312
1589,"Ray Parker, Jr.",3,0.530111,0.515416
167,Bay City Rollers,3,0.569526,0.539233
175,Ben E. King,3,0.638656,0.57939
1249,Marc Anthony,3,0.67473,0.75627
767,George Strait,3,0.737964,0.763592
1550,Pretty Ricky,3,0.610354,0.590344
1843,Taio Cruz,3,0.628622,0.614372
1552,Prince and The New Power Generation,3,0.399259,0.521009
1553,Prince and The Revolution,3,0.505728,0.527547
198,Bill Withers,3,0.714013,0.619569
2226,Warren G,3,0.669721,0.603398
1542,Plies,3,0.687997,0.654971
9,1910 Fruitgum Company,3,0.432367,0.462894
1329,Miguel,3,0.691114,0.694743
1588,Ray J,3,0.609121,0.590669
166,Barry White,3,0.677896,0.617634
209,Billy Preston,3,0.58894,0.505112
1213,Lou Rawls,3,0.590509,0.57823
773,Gerry and the Pacemakers,3,0.509454,0.516424
1211,Lou Christie,3,0.488452,0.491971
1209,Los del Río,3,0.352029,0.460571
1330,Mike + The Mechanics,3,0.531466,0.535902
1571,R.E.M.,3,0.811151,0.641976
1581,Rare Earth,3,0.543212,0.497102
775,Gilbert O'Sullivan,3,0.544235,0.52256
1190,Lloyd,3,0.608408,0.532735
1421,Night Ranger,3,0.619546,0.566997
318,C+C Music Factory,3,0.459949,0.528077
2193,Uncle Kracker,3,0.561932,0.567196
416,Collective Soul,3,0.67255,0.549064
1663,Rufus,3,0.566784,0.706237
1284,Matchbox Twenty,3,0.680538,0.602777
130,Az Yet,3,0.433433,0.469416
661,Erykah Badu,3,0.789094,0.735644
1040,Jordin Sparks,3,0.658807,0.603393
2039,The Osmonds,3,0.553469,0.540675
1311,Miami Sound Machine,3,0.519848,0.492746
1521,Peter Frampton,3,0.679797,0.578411
406,Cliff Richard,3,0.643967,0.628308
1031,Johnny Tillotson,3,0.445168,0.489065
1028,Johnny Nash,3,0.508383,0.514567
1682,Samantha Fox,3,0.568958,0.530771
2087,The Sylvers,3,0.443013,0.500502
124,Atlantic Starr,3,0.5004,0.55023
653,Eric Carmen,3,0.548577,0.510748
1687,"Sammy Davis, Jr.",3,0.614705,0.520206
752,Gary Wright,3,0.509701,0.485395
1834,Sérgio Mendes,3,0.54009,0.578773
115,Arrested Development,3,0.608328,0.552916
1694,Sara Bareilles,3,0.69839,0.742339
1300,Melissa Manchester,3,0.500796,0.481642
1000,John Cougar,3,0.380813,0.42092
993,Joe Tex,3,0.561049,0.510237
1510,Pebbles,3,0.463917,0.478201
1876,The Association,3,0.595115,0.590247
665,Eurythmics,3,0.648544,0.577725
1059,K-Ci & JoJo,3,0.516719,0.48809
60,Al Martino,3,0.497773,0.547898
1115,Kiss,3,0.841711,0.65961
1106,Kid Rock,3,0.714427,0.640452
1102,Kevin Rudolf,3,0.50791,0.580015
1099,Keri Hilson,3,0.672089,0.592341
344,Cat Stevens,3,0.746015,0.60778
345,Cathy Dennis,3,0.500781,0.504767
346,CeCe Peniston,3,0.52746,0.505095
1279,Mary Wells,3,0.59193,0.557583
1869,The Alan Parsons Project,3,0.620848,0.603664
862,Ice Cube,3,0.758723,0.728178
2067,The Searchers,3,0.580735,0.502117
2066,The Script,3,0.687627,0.714006
1642,Roger Miller,3,0.636997,0.553389
1465,Pablo Cruise,3,0.478122,0.481778
1280,Mase,3,0.601561,0.569192
366,Cheap Trick,3,0.745444,0.578945
1821,Supertramp,3,0.703672,0.612201
799,Grand Funk Railroad,3,0.611824,0.506538
1874,The Animals,3,0.698123,0.589706
1371,Mýa,3,0.599969,0.588242
52,After 7,3,0.443447,0.47414
667,Evanescence,3,0.7809,0.738275
1816,Sugar Ray,3,0.607521,0.555486
1818,Sugarloaf,2,0.454834,0.504458
858,INOJ,2,0.409477,0.4996
1822,Surface,2,0.527622,0.563168
756,Gene Chandler,2,0.505775,0.491059
816,Hammer,2,0.547844,0.488442
1775,Soul Asylum,2,0.63624,0.53458
849,Howard Jones,2,0.60104,0.531625
815,"Hamilton, Joe Frank & Reynolds",2,0.375982,0.500397
813,Haddaway,2,0.538648,0.541622
1443,Oliver,2,0.589897,0.537641
1405,New Boyz,2,0.540754,0.576486
819,Hanson,2,0.639694,0.61728
822,Harry Chapin,2,0.612173,0.521381
1796,Stephen Bishop,2,0.515864,0.507697
806,Groove Theory,2,0.473338,0.537841
1401,Nelson,2,0.605416,0.522446
1448,Omarion,2,0.691239,0.658369
1797,Steppenwolf,2,0.651762,0.567062
828,Heavy D & the Boyz,2,0.453547,0.481676
796,Gorillaz,2,0.784602,0.635208
1449,One Direction,2,0.72709,0.898927
795,Gordon Lightfoot,2,0.657622,0.55747
793,Golden Earring,2,0.555582,0.584393
792,Go West,2,0.602473,0.569978
1804,Stevie B,2,0.540036,0.518362
789,Gloria Gaynor,2,0.555222,0.537878
783,Glenn Frey,2,0.550337,0.498244
781,Glass Tiger,2,0.388587,0.473636
778,Gino Vannelli,2,0.535264,0.527161
846,Hot Chocolate,2,0.583507,0.590684
1777,Soul for Real,2,0.424052,0.516448
1776,Soul II Soul,2,0.60017,0.537899
1812,Stray Cats,2,0.596387,0.543532
1815,Sue Thompson,2,0.370527,0.445364
1769,Somethin' for the People,2,0.378293,0.482939
1509,Pearl Jam,2,0.830349,0.749134
1767,Snow Patrol,2,0.747386,0.682013
1148,Lee Ann Womack,2,0.612347,0.563098
1358,Mr. Big,2,0.646354,0.534698
1131,La Bouche,2,0.485582,0.539698
1475,Pat Boone,2,0.574882,0.56871
1478,Patsy Cline,2,0.721874,0.566026
1615,Ricky Martin,2,0.710679,0.802618
1143,Lauryn Hill,2,0.204441,0.02567
1150,Lee Dorsey,2,0.562712,0.509744
1621,Rita Coolidge,2,0.502339,0.438019
1156,Leona Lewis,2,0.706919,0.742849
1160,Lil Jon,2,0.696651,0.784921
1342,Miranda Lambert,2,0.749117,0.630917
1165,Lil' Flip,2,0.592054,0.49829
1597,Redbone,2,0.49428,0.558852
1172,Linda Scott,2,0.379476,0.484635
1127,LFO,2,0.603262,0.482571
1622,Rob Thomas,2,0.666999,0.731737
1369,Mystikal,2,0.629158,0.579961
1635,Robin Thicke,2,0.726206,0.75806
1090,Kenny G,2,0.643067,0.63692
1367,Musiq Soulchild,2,0.6693,0.606915
1093,Kenny Nolan,2,0.355173,0.478689
1096,Kenny Rogers & The First Edition,2,0.474758,0.483273
1471,Paramore,2,0.788082,0.645185
1636,Robyn,2,0.718477,0.621119
1107,Kim Carnes,2,0.520409,0.560827
1123,Kylie Minogue,2,0.785503,0.778617
1108,Kim Wilde,2,0.618385,0.573244
1632,Roberta Flack & Donny Hathaway,2,0.255094,0.385474
1360,Mr. Mister,2,0.566353,0.538836
1112,Kings of Leon,2,0.790067,0.704945
1625,Robert John,2,0.407474,0.464362
1472,Parliament,2,0.674127,0.53199
1594,Ready for the World,2,0.51122,0.567089
1590,Ray Peterson,2,0.367033,0.474988
1582,Rascal Flatts,2,0.705088,0.727381
1522,Peter Gabriel,2,0.773595,0.654555
1262,Marky Mark and the Funky Bunch,2,0.479384,0.519313
1500,Paul Young,2,0.553477,0.579999
1269,Marty Robbins,2,0.629877,0.57516
1270,Marv Johnson,2,0.379466,0.484152
1503,Paula Cole,2,0.592011,0.507706
1282,Master P,2,0.688074,0.573404
1519,Peter Cetera,2,0.562392,0.568535
1193,Lobo,2,0.563258,0.537156
1290,Maxi Priest,2,0.583893,0.555467
1291,Maxine Nightingale,2,0.405523,0.49266
1292,Maxwell,2,0.672235,0.589572
1515,Pet Shop Boys,2,0.757097,0.641297
1298,Melanie,2,0.585235,0.501347
1513,Percy Sledge,2,0.593586,0.546496
1322,Michael McDonald,2,0.649084,0.554537
1537,Pink Floyd,2,0.889837,0.711623
1541,Player,2,0.481928,0.498277
1543,Pointer Sisters,2,0.635466,0.584002
1247,Manfred Mann,2,0.590668,0.579453
1246,Major Lance,2,0.483027,0.497261
1239,Mac Davis,2,0.503857,0.496575
1237,MC Lyte,2,0.598171,0.543348
1236,MC Hammer,2,0.64607,0.724669
1327,Michelle Branch,2,0.644003,0.554671
1229,Luther Vandross,2,0.728686,0.603742
1557,Puddle of Mudd,2,0.646104,0.589623
1226,Lupe Fiasco,2,0.770208,0.593047
1562,Quarterflash,2,0.396857,0.488588
1218,Loverboy,2,0.596344,0.565846
1212,Lou Gramm,2,0.504044,0.472003
1333,Mike Posner,2,0.601195,0.759286
1083,Kelis,2,0.678488,0.579488
1464,PSY,2,0.570463,0.73943
867,Immature,2,0.307564,0.0
929,Jefferson Airplane,2,0.728892,0.563327
1742,Simply Red,2,0.653626,0.687089
1455,Orleans,2,0.527685,0.490777
1741,Simple Minds,2,0.70182,0.601587
923,Jay-Z and Alicia Keys,2,0.882358,0.66941
1739,Silver Convention,2,0.447026,0.477701
1737,Silk,2,0.567676,0.551225
930,Jefferson Starship,2,0.573952,0.52674
1746,Sisqó,2,0.562822,0.52911
934,Jeremih,2,0.655732,0.732554
942,Jerry Reed,2,0.594628,0.587197
1725,Sheila E.,2,0.589468,0.551627
948,Jessie J,2,0.711859,0.827886
949,Jesus Jones,2,0.525449,0.483534
956,Jim Jones,2,0.657308,0.552902
910,Janis Ian,2,0.577257,0.498407
1747,Sister Hazel,2,0.558815,0.561121
1068,Kansas,2,0.724972,0.613758
880,J. Holiday,2,0.557452,0.589176
1765,Snoop Doggy Dogg,2,0.532897,0.506879
871,Ini Kamoze,2,0.518911,0.542277
872,Inner Circle,2,0.583464,0.526926
875,Isaac Hayes,2,0.67134,0.538344
876,Iyaz,2,0.532333,0.556047
878,J. Cole,2,0.749228,0.762407
1759,Smash Mouth,2,0.616344,0.613239
902,Jamie Foxx,2,0.707742,0.610849
885,Jack Scott,2,0.4185,0.486118
887,Jackie DeShannon,2,0.530953,0.513247
893,Jaheim,2,0.596795,0.568526
1753,Skid Row,2,0.538863,0.46226
1752,Skeeter Davis,2,0.540299,0.545921
1749,Sister Sledge,2,0.594456,0.650465
1719,Shanice,2,0.514773,0.525838
962,Jimmy Clanton,2,0.404424,0.500685
964,Jimmy Dean,2,0.49296,0.561264
1667,Ryan Cabrera,2,0.414677,0.525043
1681,Sam the Sham and the Pharaohs,2,0.35995,0.513047
1376,Naked Eyes,2,0.507318,0.500418
1029,Johnny Preston,2,0.395068,0.51062
1033,Jon B.,2,0.554646,0.530379
1676,Salt-n-Pepa,2,0.664408,0.560284
1674,Sade,2,0.742237,0.60074
1666,Rupert Holmes,2,0.499811,0.571588
967,Jimmy Jones,2,0.462347,0.475321
1050,Julian Lennon,2,0.557756,0.556158
1053,Junior M.A.F.I.A.,2,0.50677,0.486222
1462,P. Diddy,2,0.428007,0.006741
1057,Juvenile,2,0.466473,0.478116
1660,Ruben Studdard,2,0.472873,0.475753
1654,Rose Royce,2,0.555384,0.536957
1306,Merril Bainbridge,2,0.356661,0.463908
1017,Johnnie Taylor,2,0.549082,0.532319
1015,John Travolta & Olivia Newton-John,2,0.2442,0.408726
1690,Sandy Posey,2,0.425353,0.469097
1007,John Mellencamp,2,0.712727,0.594433
1004,John Legend,2,0.781504,0.817996
995,Joey Dee and the Starliters,2,0.370816,0.490879
994,Joe Walsh,2,0.682952,0.563906
992,Joe South,2,0.475045,0.480506
988,Joe Jackson,2,0.667292,0.536358
1704,Seals and Crofts,2,0.582171,0.561781
983,Joe Cocker,2,0.703139,0.668803
1459,Owl City,2,0.717563,0.687343
977,Joan Jett and the Blackhearts,2,0.710046,0.564189
974,JoJo,2,0.69257,0.712642
973,Jo Dee Messina,2,0.565045,0.536411
971,Jimmy Soul,2,0.381644,0.496639
1020,Johnny Cash,2,0.839834,0.752776
2278,will.i.am,2,0.712575,0.629666
1429,No Mercy,2,0.495891,0.525599
2207,Vanilla Ice,2,0.63351,0.575042
122,Asia,2,0.658656,0.566884
500,David Ruffin,2,0.582291,0.49243
126,Avant,2,0.627295,0.569221
127,Average White Band,2,0.611322,0.527092
497,David Lee Roth,2,0.655053,0.567209
134,B.T. Express,2,0.431013,0.501466
490,David Banner,2,0.636875,0.563774
2198,Usher and Alicia Keys,2,0.791469,0.705289
1990,The J. Geils Band,2,0.603534,0.570788
2195,Unk,2,0.466164,0.478128
477,Danity Kane,2,0.608168,0.59808
147,Bad Company,2,0.683643,0.580446
148,Bad English,2,0.505857,0.475794
474,Daniel Bedingfield,2,0.477875,0.557152
473,Dan Hill,2,0.381205,0.48819
2192,Ugly Kid Joe,2,0.569527,0.530911
150,Badfinger,2,0.633114,0.525322
1999,The KLF,2,0.626808,0.492555
154,Barbara Lewis,2,0.455162,0.497607
2188,Tyrone Davis,2,0.512715,0.486726
158,Barbra Streisand & Barry Gibb,2,0.237045,0.464211
2187,Tyrese,2,0.696254,0.612183
459,DJ Khaled,2,0.689993,0.732424
458,DJ Jazzy Jeff & The Fresh Prince,2,0.081553,0.458429
454,D'Angelo,2,0.739571,0.581458
2011,The Lumineers,2,0.607512,0.705435
2184,Twista,2,0.716054,0.573109
2012,The Main Ingredient,2,0.492456,0.500212
449,Cutting Crew,2,0.507911,0.506125
506,Dean Martin,2,0.688631,0.702077
509,Debelah Morgan,2,0.36664,0.452383
2015,The Manhattans,2,0.547468,0.507597
1972,The Highwaymen,2,0.497175,0.548873
577,Donna Fargo,2,0.482337,0.490167
576,Donell Jones,2,0.528227,0.522367
1932,The Delfonics,2,0.57115,0.51182
570,Dolly Parton,2,0.770735,0.709838
1933,The Dells,2,0.568435,0.463453
93,Andy Kim,2,0.410111,0.473739
2225,Warrant,2,0.629488,0.547293
564,Divine,2,0.430274,0.482627
1939,The Dovells,2,0.392911,0.465935
97,Anita Baker,2,0.667929,0.573608
1940,The Dramatics,2,0.543992,0.497224
98,Anita Bryant,2,0.364227,0.491689
2223,Wang Chung,2,0.516808,0.513364
551,Dinah Washington & Brook Benton,2,0.174797,0.478384
1947,The Escape Club,2,0.405852,0.465336
547,Dido,2,0.69973,0.613062
544,Dickey Lee,2,0.347253,0.474766
543,Dick and Dee Dee,2,0.338612,0.474548
1952,The Fireballs,2,0.36065,0.478357
2215,Village People,2,0.57187,0.542079
1956,The Fortunes,2,0.42642,0.487096
1957,The Foundations,2,0.516295,0.526446
1958,The Four Preps,2,0.393337,0.501331
524,Deniece Williams,2,0.597167,0.535034
523,Demi Lovato,2,0.769929,0.835224
522,Dem Franchize Boyz,2,0.464982,0.504446
1968,The Greg Kihn Band,2,0.341344,0.394021
1970,The Happenings,2,0.38092,0.476232
1971,The Heights,2,0.329843,0.483421
448,Curtis Mayfield,2,0.72394,0.579882
444,Crystal Waters,2,0.544029,0.480373
1928,The Cure,2,0.82889,0.691735
220,Blaque,2,0.439832,0.502182
224,"Blood, Sweat & Tears",2,0.612509,0.568394
2143,Todd Rundgren,2,0.681822,0.525973
361,Charles Wright & the Watts 103rd Street Rhythm Band,2,0.397799,0.451794
2065,The Sandpipers,2,0.387367,0.489654
357,Changing Faces,2,0.477217,0.491813
356,Champaign,2,0.458203,0.474161
2068,The Seekers,2,0.515583,0.531974
234,Blues Traveler,2,0.632657,0.593704
2072,The Shangri-Las,2,0.649301,0.508088
241,Bob Seger,2,0.699266,0.576808
245,Bob Welch,2,0.47763,0.489078
338,Carole King,2,0.724872,0.630431
2126,Three 6 Mafia,2,0.694558,0.535853
333,Carla Thomas,2,0.50793,0.478224
2080,The Staple Singers,2,0.63095,0.554331
325,Cam'ron,2,0.665223,0.579512
257,Bobby Lewis,2,0.350856,0.449016
2086,The Surfaris,2,0.519531,0.511253
2118,The-Dream,2,0.687107,0.604861
269,Bonnie Tyler,2,0.637145,0.543126
2093,The Time,2,0.505579,0.552021
313,Burl Ives,2,0.571423,0.683429
2117,The Zombies,2,0.72825,0.576072
272,Boston,2,0.690845,0.616948
2097,The Tremeloes,2,0.486603,0.493529
2098,The Troggs,2,0.645087,0.535301
299,Brooks & Dunn,2,0.660395,0.633933
286,Breathe,2,0.449496,0.498402
293,Brian Hyland,2,0.443561,0.482265
2146,Tom Petty,2,0.757471,0.570468
217,Black Box,2,0.560323,0.530901
2178,Trick Daddy,2,0.522879,0.514367
2052,The Rascals,2,0.571019,0.492239
441,Crowded House,2,0.701407,0.573536
174,Bell Biv DeVoe,2,0.609489,0.549895
439,"Crosby, Stills & Nash",2,0.620125,0.51229
2020,The Marvelettes,2,0.593277,0.533113
434,Cream,2,0.745912,0.619627
179,Bert Kaempfert,2,0.477861,0.498077
429,Craig David,2,0.666305,0.707441
2172,Tracy Chapman,2,0.716164,0.719604
426,Cornelius Brothers & Sister Rose,2,0.35151,0.498497
2027,The Moody Blues,2,0.714358,0.576416
424,Corey Hart,2,0.511282,0.485611
2168,Toya,2,0.43483,0.470562
191,Big Sean,2,0.739275,0.758292
2031,The New Seekers,2,0.426782,0.474176
412,Cobra Starship,2,0.618795,0.584828
2164,Tony! Toni! Toné!,2,0.531457,0.540889
408,Climax Blues Band,2,0.442068,0.478069
2037,The Originals,2,0.466319,0.477281
2038,The Orlons,2,0.378977,0.494782
401,Classics IV,2,0.494224,0.456508
400,Clarence Carter,2,0.524424,0.518874
203,Billy J. Kramer & The Dakotas,2,0.368603,0.517468
2156,Tone Lōc,2,0.454063,0.509737
398,City High,2,0.459886,0.521481
394,Chumbawamba,2,0.558568,0.532231
2043,The Partridge Family,2,0.526369,0.536321
212,Billy Squier,2,0.453597,0.490963
387,Christina Perri,2,0.611524,0.75231
380,Chris Montez,2,0.452323,0.472474
578,Donna Lewis,2,0.460602,0.512076
123,Atlanta Rhythm Section,2,0.519433,0.490245
2108,The Vogues,2,0.473694,0.497595
613,Eddie Hodges,2,0.305831,0.46685
645,Engelbert Humperdinck,2,0.598951,0.52709
2268,Yung Joc,2,0.599759,0.564269
17,3OH!3,2,0.635841,0.576113
705,Five for Fighting,2,0.622942,0.590117
709,Florida Georgia Line,2,0.603455,0.763197
48,Adam Wade,2,0.351982,0.408129
2245,Will to Power,2,0.381857,0.491941
59,Al Hirt,2,0.499517,0.50318
633,Eli Young Band,2,0.58729,0.57776
61,Al Stewart,2,0.569576,0.501263
710,Floyd Cramer,2,0.470295,0.489791
629,Edwin Starr,2,0.573025,0.514544
2270,ZZ Top,2,0.76625,0.61696
63,Alabama,2,0.707168,0.600641
10,2 Chainz,2,0.657981,0.639518
1847,Tara Kemp,2,0.298911,0.453637
7,10cc,2,0.65551,0.563399
2240,Whitesnake,2,0.730461,0.621415
622,Edgar Winter Group,2,0.450654,0.491326
1844,Take That,2,0.668615,0.701285
1842,Tag Team,2,0.424994,0.484133
646,England Dan & John Ford Coley,2,0.452558,0.500895
647,Enigma,2,0.667248,0.552219
1858,Terence Trent D'Arby,2,0.569112,0.532463
32,ABC,2,0.591353,0.505489
677,Extreme,2,0.652577,0.57222
1864,Tesla,2,0.699775,0.550643
23,702,2,0.459578,0.510222
22,69 Boyz,2,0.448669,0.481991
29,A Taste of Honey,2,0.474234,0.481012
691,Fats Domino,2,0.65772,0.554676
2266,Young Money,2,0.718319,0.612528
668,Eve,2,0.673447,0.586006
582,Donny & Marie Osmond,2,0.378047,0.440018
2260,Ying Yang Twins,2,0.5931,0.54937
1887,The Beau Brummels,2,0.511774,0.477281
1878,The B-52s,2,0.675579,0.559697
2259,Yes,2,0.788713,0.543751
694,Ferrante & Teicher,2,0.427611,0.479287
695,Field Mob,2,0.423463,0.494039
2267,YoungBloodZ,2,0.50608,0.517819
2257,Wyclef Jean,2,0.675327,0.582479
1881,The Band Perry,2,0.615139,0.724951
38,Aaron Neville,2,0.611979,0.595452
697,Fine Young Cannibals,2,0.569956,0.547015
73,Alicia Bridges,2,0.372621,0.504336
1849,Tavares,2,0.503641,0.533694
2237,White Lion,2,0.603818,0.525988
2274,Zhané,2,0.479825,0.526407
741,GQ,2,0.399179,0.487539
84,Ambrosia,2,0.566438,0.504568
1923,The Cranberries,2,0.72929,0.728467
1921,The Cover Girls,2,0.432896,0.500549
2231,Webbie,2,0.590472,0.542975
602,Dusty Springfield,2,0.706271,0.613565
1916,The Chiffons,2,0.536032,0.520872
80,Allure,2,0.471182,0.485442
733,Freddy Cannon,2,0.468785,0.476251
730,Freda Payne,2,0.48342,0.512609
727,Frankie J,2,0.551128,0.564147
734,Freddy Fender,2,0.53124,0.513541
2273,Zedd,1,0.672166,0.828339
2123,Thomas Rhett,1,0.565131,0.770314
1607,Richie Havens,1,0.590197,0.538628
2111,The Whispers,1,0.562414,0.530519
1605,Richard Harris,1,0.455045,0.566724
2113,The Winstons,1,0.408402,0.480018
1432,Nu Flavor,1,0.339082,0.467999
2155,Tommy Tutone,1,0.444259,0.496546
1433,Nu Shooz,1,0.473147,0.492559
2134,Timex Social Club,1,0.38537,0.418335
2154,Tommy Tucker,1,0.355989,0.498374
2116,The Youngbloods,1,0.54212,0.476886
1564,Queen Latifah,1,0.500496,0.497996
2277,soulDecision,1,0.411907,0.51101
1565,Queensrÿche,1,0.704843,0.584082
1440,Ohio Express,1,0.448418,0.50021
1434,O-Town,1,0.477318,0.523375
1566,Quiet Riot,1,0.663298,0.556788
1435,O. C. Smith,1,0.327639,0.474404
2152,Tommy Page,1,0.409379,0.472247
1436,Oasis,1,0.840865,0.716461
1431,Norman Greenbaum,1,0.495117,0.576737
1561,Quad City DJ's,1,0.438123,0.495048
2157,Toni Basil,1,0.471302,0.492949
2161,Tony Joe White,1,0.579036,0.498215
1610,Rick James,1,0.682841,0.567324
1609,Rick Dees & His Cast of Idiots,1,0.202713,0.407563
2265,Young MC,1,0.560269,0.5174
1439,Of Monsters and Men,1,0.632916,0.793408
2109,The Wanted,1,0.615569,0.622647
1556,Public Announcement,1,0.373181,0.460074
1438,Odyssey,1,0.525093,0.478983
2162,Tony Orlando,1,0.454688,0.498155
1430,Norah Jones,1,0.707179,0.653722
2133,Timbaland & Magoo,1,0.421173,0.478369
2160,Tony Bennett,1,0.719022,0.704681
2110,The Watts 103rd Street Rhythm Band,1,0.248459,0.326049
1559,Pure Prairie League,1,0.533704,0.529366
2159,Toni Fisher,1,0.303315,0.428604
2131,Tim McGraw and Faith Hill,1,0.019954,0.462743
2124,Thompson Square,1,0.55653,0.570927
1447,Olly Murs,1,0.618749,0.781149
1446,Ollie & Jerry,1,0.326466,0.466041
1604,Richard Chamberlain,1,0.322031,0.467967
1445,Olivia Newton-John & Cliff Richard,1,0.26448,0.303992
1592,"Ray, Goodman & Brown",1,0.410121,0.50398
1584,Ratt,1,0.578599,0.501216
1580,Raphael Saadiq,1,0.664314,0.566306
1437,Ocean,1,0.542603,0.472288
1600,Restless Heart,1,0.550542,0.498525
2144,Tom Cochrane,1,0.482585,0.489793
2272,Zager & Evans,1,0.413762,0.482301
1583,Raspberries,1,0.586994,0.531989
2141,Toby Beau,1,0.298718,0.380881
1554,Procol Harum,1,0.65039,0.566301
1599,Regina,1,0.492606,0.492096
2136,Timmy T,1,0.371546,0.496598
2140,Toad the Wet Sprocket,1,0.524651,0.527868
2139,Tinie Tempah,1,0.645596,0.676935
1586,Ray Charles Singers,1,0.279676,0.537612
1587,Ray Conniff Singers,1,0.35532,0.488527
2122,Thomas Dolby,1,0.596319,0.524095
2137,Timmy Thomas,1,0.457157,0.542
1442,Oleta Adams,1,0.538459,0.555382
1598,Rednex,1,0.51286,0.628725
1579,Randy VanWarmer,1,0.3653,0.465159
1578,Randy Newman,1,0.688564,0.578303
2150,Tommy James,1,0.49806,0.51351
1602,Rhythm Heritage,1,0.313363,0.468558
1567,Quincy Jones,1,0.733836,0.573829
2149,Tommy Boyce & Bobby Hart,1,0.337997,0.384956
1568,R. Dean Taylor,1,0.428405,0.487925
2148,Tom T. Hall,1,0.572961,0.506755
2128,Tierra,1,0.528236,0.516742
2135,Timi Yuro,1,0.45422,0.57607
1570,R. Kelly and Celine Dion,1,0.103139,0.461698
1603,Rich Boy,1,0.528807,0.513897
2269,Yvonne Elliman,1,0.411279,0.494562
1577,Randy Houser,1,0.573683,0.674381
1573,Ral Donner,1,0.330424,0.475261
1574,Ralph Tresvant,1,0.489147,0.490422
2119,Thelma Houston,1,0.504609,0.489716
1601,Rex Smith,1,0.370238,0.466286
1575,Ramsey Lewis Trio,1,0.409139,0.475283
2120,Thin Lizzy,1,0.751873,0.561079
1576,Randy & the Rainbows,1,0.33651,0.457801
2275,a-ha,1,0.715616,0.727387
1555,Pseudo Echo,1,0.426568,0.475766
1492,Paul Mauriat,1,0.476578,0.501416
2263,Young Gunz,1,0.441021,0.502037
2211,Vic Dana,1,0.289956,0.447244
2216,Voices of Theory,1,0.335543,0.47119
1481,Patti Page,1,0.540006,0.520069
2214,Vikki Carr,1,0.395406,0.479742
2213,Vicki Sue Robinson,1,0.39699,0.474185
1480,Patti LaBelle and Michael McDonald,1,0.199776,0.347333
2236,When in Rome,1,0.482481,0.48965
1479,Patti Austin and James Ingram,1,0.135269,0.327886
1511,People!,1,0.500545,0.480078
2212,Vicki Lawrence,1,0.385486,0.446671
1477,Patrick Swayze,1,0.525251,0.511161
1512,Percy Faith,1,0.471107,0.620998
1476,Patrick Hernandez,1,0.352865,0.479111
2210,Vertical Horizon,1,0.598533,0.556645
2204,Vanessa Williams and Brian McKnight,1,0.115419,0.434725
2238,White Plains,1,0.41958,0.471902
2239,White Town,1,0.491562,0.500472
2209,Various artists,1,,
2208,Vanity Fare,1,0.509124,0.460289
1514,Perry Como,1,0.613969,0.650976
1473,Passenger,1,0.590924,0.795689
1516,Pet Shop Boys with Dusty Springfield,1,0.757097,0.641297
2206,Vanilla Fudge,1,0.560669,0.497487
1517,Pete Townshend,1,0.670943,0.547914
2205,Vangelis,1,0.726314,0.626905
2242,Whitney Houston and Mariah Carey,1,0.0,0.0
1611,Rick Nelson,1,0.572358,0.544453
1507,Peabo Bryson and Roberta Flack,1,0.0,0.0
1482,Patti Smith Group,1,0.451796,0.569322
1506,Peabo Bryson and Regina Belle,1,0.141475,0.391752
1483,Patty Duke,1,0.321851,0.387171
1491,Paul Evans,1,0.34296,0.439383
2230,We Five,1,0.421816,0.449234
2229,Wayne Wonder,1,0.549208,0.538471
2228,Wayne Newton,1,0.469778,0.588787
1489,Paul Carrack,1,0.53283,0.495218
2227,Wayne Fontana & The Mindbenders,1,0.358749,0.489582
1495,Paul McCartney and Michael Jackson,1,0.0,0.0
1496,Paul McCartney and Stevie Wonder,1,0.0,0.0
2232,Weezer,1,0.817966,0.661649
1488,Paul Anka & Odia Coates,1,0.101812,0.264128
2233,Westlife,1,0.657966,0.6013
1486,Paul & Paula,1,0.388867,0.487608
1485,Paul & Linda McCartney,1,0.262176,0.409677
1499,Paul Stookey,1,0.307683,0.319166
2222,Walter Murphy & The Big Apple Band,1,0.281083,0.313013
2221,Walter Egan,1,0.370942,0.470094
1502,Paula Abdul and The Wild Pair,1,0.639754,0.585614
2220,Walter Brennan,1,0.352116,0.44113
2219,Wale,1,0.735918,0.713864
2234,Wet Willie,1,0.402914,0.460684
1504,Paula DeAnda,1,0.449834,0.570108
1505,Peabo Bryson,1,0.523721,0.511568
2218,Waka Flocka Flame,1,0.715457,0.627008
1484,Patty Smyth,1,0.452196,0.470469
2217,Wadsworth Mansion,1,0.270756,0.387538
1518,Peter Brown,1,0.45694,0.474807
1520,Peter Cetera and Amy Grant,1,0.061182,0.105302
2167,Tower of Power,1,0.649053,0.546282
1453,Orianthi,1,0.553579,0.549248
1457,OutKast,1,0.793252,0.605117
1456,Otis Redding,1,0.776802,0.671532
1539,Plain White T's,1,0.62235,0.695578
2183,Tweet,1,0.552825,0.496076
2256,Wreckx-n-Effect,1,0.437189,0.488318
1540,Planet Soul,1,0.319858,0.456878
2182,Truth Hurts,1,0.432895,0.471839
2181,Troy Shondell,1,0.314219,0.428211
2180,Trini Lopez,1,0.426374,0.449178
2179,Trillville,1,0.434644,0.471365
1454,Original Cast of Godspell,1,0.363284,0.425771
2176,Travis Tritt,1,0.643866,0.614865
2175,Travie McCoy,1,0.571618,0.689093
2243,Wild Cherry,1,0.519841,0.514256
1546,Positive K,1,0.400843,0.476427
1547,Power Station,1,0.480001,0.494862
2261,Ylvis,1,0.466022,0.680405
2174,Trapt,1,0.608405,0.531328
1548,Pras Michel,1,0.358991,0.450886
1452,Orchestral Manoeuvres in the Dark,1,0.673549,0.580682
1451,Onyx,1,0.628592,0.579448
1549,Pretty Poison,1,0.385976,0.490091
2171,Tracie Spencer,1,0.369312,0.493591
2262,Young Dro,1,0.607395,0.577945
2170,Tracey Ullman,1,0.439543,0.481627
2169,Trace Adkins,1,0.626671,0.601913
2185,Tyga,1,0.757086,0.699852
2186,Tyler Collins,1,0.348914,0.357084
1535,Pilot,1,0.483349,0.476111
1534,Phoebe Snow,1,0.512448,0.450944
1470,Paperboy,1,0.404871,0.4734
1469,Paper Lace,1,0.422068,0.496529
2202,Vanessa Carlton,1,0.646596,0.577289
1523,Peter McCann,1,0.276142,0.418286
2201,Van Morrison,1,0.781173,0.630613
1524,Peter Schilling,1,0.456852,0.512256
1468,Papa Roach,1,0.742449,0.620136
2200,Van McCoy & the Soul City Symphony,1,0.22506,0.478309
1467,Panic! at the Disco,1,0.725243,0.739279
2196,Us3,1,0.570417,0.651852
1527,Petey Pablo,1,0.529488,0.533812
1466,Pacific Gas & Electric,1,0.4156,0.487314
2194,Uncle Sam,1,0.379149,0.457014
1529,Pharrell,1,0.561945,0.037648
2246,Willa Ford,1,0.391845,0.478727
2247,William DeVaughn,1,0.443839,0.501215
2248,Willie Mitchell,1,0.448814,0.489816
1461,Ozark Mountain Daredevils,1,0.482008,0.486082
2191,USA for Africa,1,0.442077,0.486219
1531,Phil Collins and Marilyn Martin,1,0.0,0.0
1532,Philip Bailey and Phil Collins,1,0.496044,0.549137
1460,Owl City and Carly Rae Jepsen,1,0.033143,0.51976
2249,Willie Nelson,1,0.795431,0.615169
2252,Wing and a Prayer Fife and Drum Corps,1,0.186574,0.154108
2253,Winger,1,0.596038,0.537274
1545,Portrait,1,0.489847,0.49419
1829,Sweet Sensation,1,0.43464,0.483201
2107,The Village Stompers,1,0.322095,0.434943
1930,The Dave Brubeck Quartet,1,0.545852,0.570099
1920,The Corsairs,1,0.326699,0.427106
1924,The Crazy World of Arthur Brown,1,0.480124,0.529734
1764,Snoop Dogg and Wiz Khalifa,1,0.836875,0.636096
1925,The Crests,1,0.449973,0.55207
1927,The Cuff Links,1,0.308664,0.483698
1929,The Cyrkle,1,0.449243,0.494104
1760,Smith,1,0.569597,0.499466
1919,The Cookies,1,0.43753,0.49395
1758,Sly Fox,1,0.418762,0.497773
1934,The Detroit Emeralds,1,0.345899,0.483748
1935,The Dirt Band,1,0.305945,0.313533
1756,Slim Harpo,1,0.560586,0.482684
1936,The Dixie Cups,1,0.502107,0.496501
1755,Skylark,1,0.469834,0.462931
1766,Snow,1,0.561132,0.503183
1918,The Click Five,1,0.516149,0.521798
1781,Spencer Ross,1,0.24301,0.365238
1912,The Chambers Brothers,1,0.486959,0.497513
1779,Sounds Orchestral,1,0.315073,0.456077
1905,The Capitols,1,0.379136,0.489975
1906,The Capris,1,0.400952,0.485277
1909,The Cascades,1,0.468969,0.500515
1910,The Casinos,1,0.297666,0.469989
1911,The Chakachas,1,0.372686,0.478598
1913,The Chantays,1,0.500644,0.523445
1768,Soft Cell,1,0.615779,0.56545
1773,Sonny Bono,1,0.40303,0.464289
1914,The Charlie Daniels Band,1,0.610842,0.614238
1915,The Chi-Lites,1,0.561414,0.505988
1771,Sonique,1,0.510127,0.52217
1770,Son by Four,1,0.446585,0.585801
1917,The Clash,1,0.836816,0.614801
1942,The Duprees,1,0.422161,0.462206
1943,The Easybeats,1,0.553836,0.545996
1754,Skip & Flip,1,0.292035,0.42081
1731,Shirley Bassey,1,0.633589,0.562419
1736,Shorty Long,1,0.403405,0.489179
1735,Shop Boyz,1,0.445188,0.491303
1973,The Hillside Singers,1,0.246738,0.332615
1734,Shontelle,1,0.530239,0.606644
1733,Shocking Blue,1,0.531081,0.509747
1732,Shirley Ellis,1,0.422422,0.491952
1730,Shinedown,1,0.714463,0.746594
1944,The Echoes,1,0.405047,0.388533
1975,The Hollywood Argyles,1,0.319593,0.467755
1976,The Hombres,1,0.367793,0.477969
1728,Sheriff,1,0.385251,0.479059
1977,The Hondells,1,0.33453,0.476365
1978,The Honey Cone,1,0.402999,0.471514
1727,Shep and the Limelites,1,0.365669,0.489984
1738,Silver,1,0.577544,0.546569
1964,The Fuzz,1,0.433113,0.478524
1962,The Free Movement,1,0.24179,0.247914
1955,The Flying Machine,1,0.393802,0.485227
1954,The Floaters,1,0.416337,0.507082
1953,The First Class,1,0.475166,0.61515
1743,Sinéad O'Connor,1,0.708844,0.682512
1744,Sir Douglas Quintet,1,0.515368,0.483014
1951,The Fendermen,1,0.326593,0.440917
1745,Sir Mix-a-Lot,1,0.588375,0.525816
1949,The Essex,1,0.336592,0.47029
1948,The Esquires,1,0.334307,0.497585
1748,Sister Janet Mead,1,0.296322,0.332094
1946,The Emotions,1,0.512188,0.570116
1750,Sixpence None the Richer,1,0.619005,0.598304
1751,Skee-Lo,1,0.480201,0.511686
1945,The Electric Prunes,1,0.529888,0.481461
1780,Spandau Ballet,1,0.649813,0.574318
1904,The Calling,1,0.63757,0.547602
1979,The Honeycombs,1,0.434544,0.468013
1859,Teri DeSario & KC,1,0.023174,0.0
1851,Taylor Hicks,1,0.348171,0.437207
1811,Strawberry Alarm Clock,1,0.520737,0.457597
1810,Stories,1,0.510412,0.498553
1855,Teddy Geiger,1,0.512387,0.52523
1856,Tee Set,1,0.316331,0.483697
1857,Teena Marie,1,0.606782,0.546924
1807,Stevie Nicks and Don Henley,1,0.732157,0.599368
1848,Tatyana Ali,1,0.393768,0.491847
1806,Stevie Nicks & Tom Petty,1,,
1860,Terri Gibbs,1,0.325908,0.445237
1861,Terror Squad,1,0.53058,0.515048
1862,Terry Jacks,1,0.427068,0.504108
1863,Terry Stafford,1,0.356063,0.44472
1866,Thalía,1,0.696462,0.622587
1814,Subway,1,0.492942,0.460725
1846,Tamia,1,0.616262,0.583315
1783,Spin Doctors,1,0.613735,0.572427
1833,Sylvia,1,0.437719,0.495578
1826,Swedish House Mafia,1,0.726576,0.740504
1825,Suzi Quatro & Chris Norman,1,0.0,0.0
1830,Swing Out Sister,1,0.522708,0.515797
1824,Suzanne Vega,1,0.680241,0.581278
1831,Switchfoot,1,0.707295,0.57776
1832,Sylk-E. Fyne,1,0.215251,0.396374
1835,T'Pau,1,0.492171,0.496448
1845,Tal Bachman,1,0.414801,0.519186
1837,T. Rex,1,0.62554,0.558235
1820,Sunshine Anderson,1,0.457724,0.536314
1819,Sunny & the Sunglows,1,0.291617,0.428785
1840,TQ,1,0.474334,0.48801
1841,Taco,1,0.407627,0.464945
1817,Sugarland,1,0.684103,0.576429
1868,The Ad Libs,1,0.413654,0.487046
1871,The Allman Brothers Band,1,0.746223,0.607172
1872,The American Breed,1,0.387427,0.4876
1787,Stan Getz & Astrud Gilberto,1,0.093049,0.193219
1892,The Bill Black Combo,1,0.291479,0.411459
1789,Starland Vocal Band,1,0.436897,0.484678
1894,The Blackbyrds,1,0.486384,0.50009
1895,The Blackout All-Stars,1,0.263041,0.476145
1788,Starbuck,1,0.392646,0.489343
1897,The Brotherhood of Man,1,0.453766,0.474508
1786,Staind,1,0.71984,0.577452
1802,Steve Perry,1,0.605066,0.515473
1898,The Brothers Four,1,0.416909,0.498558
1785,Stacey Q,1,0.428249,0.480826
1900,The Browns,1,0.508052,0.481358
1902,The Buoys,1,0.300707,0.484783
1784,Spiral Starecase,1,0.375455,0.484034
1903,The Byrds,1,0.753009,0.556816
1891,The Bells,1,0.402956,0.459768
1790,Starpoint,1,0.341939,0.465214
1791,Stars on 45,1,0.425222,0.489693
1890,The Bellamy Brothers,1,0.469695,0.484301
1889,The Beginning of the End,1,0.403263,0.48927
1793,Status Quo,1,0.673766,0.589715
1888,The Bee Gees,1,0.754194,0.715408
1794,Stealers Wheel,1,0.522815,0.578395
1886,The Beatles with Billy Preston,1,0.905476,0.775545
1883,The Bar-Kays,1,0.564218,0.536791
1880,The Bachelors,1,0.405051,0.460625
1879,The Babys,1,0.53842,0.492085
1798,Steve Forbert,1,0.506789,0.47172
1799,Steve Holy,1,0.425957,0.501184
1877,The B-52's,1,0.675579,0.559697
1875,The Archies,1,0.556724,0.526464
1873,The Angels,1,0.545447,0.565568
1726,Shelley Fabares,1,0.322517,0.46352
1980,The Honeydrippers,1,0.39101,0.499115
2106,The Verve Pipe,1,0.526746,0.505393
2063,The SOS Band,1,0.534535,0.491574
1648,Ron Holden,1,0.27654,0.437587
2061,The Rooftop Singers,1,0.361963,0.491655
2062,The Royal Guardsmen,1,0.357973,0.546681
1647,Rome,1,0.576546,0.58804
1646,Rolf Harris,1,0.488088,0.482648
1645,Roger Williams,1,0.386743,0.466782
1828,Sweet Inspirations,1,0.409683,0.465873
2060,The Ronettes,1,0.668677,0.656525
1644,Roger Voudouris,1,0.280638,0.423827
1643,Roger Troutman,1,0.455315,0.451218
1641,Rodney Atkins,1,0.575202,0.571506
2069,The Sensations,1,0.355831,0.480166
2070,The Serendipity Singers,1,0.309713,0.407371
2071,The Shades of Blue,1,0.437187,0.504861
1649,Ronnie & the Hi-Lites,1,0.098744,0.342078
1650,Ronnie Dyson,1,0.361201,0.489817
2044,The Pipkins,1,0.313446,0.461778
1657,Roy Head,1,0.411394,0.449289
2045,The Platters,1,0.644679,0.609516
2048,The Poppy Family,1,0.367438,0.481022
1661,Ruby & the Romantics,1,0.298048,0.489454
2050,The Proclaimers,1,0.599524,0.584764
2051,The Pussycat Dolls,1,0.633845,0.557688
1659,Royal Philharmonic Orchestra,1,0.568331,0.52642
2053,The Rebels,1,0.361794,0.484922
2059,The Romantics,1,0.534776,0.519153
1655,Rosie and the Originals,1,0.416882,0.494422
2054,The Red Jumpsuit Apparatus,1,0.600848,0.571284
2055,The Reflections,1,0.370056,0.494511
2057,The Rip Chords,1,0.313386,0.465287
1653,Rosanne Cash,1,0.616642,0.564814
1652,Ronny & the Daytonas,1,0.356961,0.474688
1639,Rocky Burnette,1,0.351144,0.449002
1638,Rockwell,1,0.417202,0.501612
1637,Rocko,1,0.533866,0.525271
1618,Right Said Fred,1,0.518155,0.526668
1623,Robbie Dupree,1,0.397036,0.478483
2092,The Three Degrees,1,0.467532,0.49776
2094,The Tony Rich Project,1,0.391427,0.477041
2095,The Trammps,1,0.494139,0.504587
2096,The Trashmen,1,0.547781,0.518396
2099,The Tubes,1,0.552622,0.495578
2101,The Tymes,1,0.42841,0.497765
2074,The Smashing Pumpkins,1,0.814701,0.699053
2102,The Undisputed Truth,1,0.463172,0.496467
1616,Ricky Martin and Christina Aguilera,1,0.710679,0.802618
2104,The Veronicas,1,0.620513,0.586446
1614,Rickie Lee Jones,1,0.633389,0.510861
2105,The Verve,1,0.743416,0.651576
1612,Rick Ross,1,0.75026,0.742523
2090,The Tams,1,0.355207,0.476135
1624,Robbie Nevil,1,0.412925,0.473773
2089,The T-Bones,1,0.307757,0.463241
2088,The System,1,0.524184,0.476584
1626,Robert Knight,1,0.376412,0.478815
1627,Robert Maxwell,1,0.355254,0.432787
1628,Robert Miles,1,0.583189,0.549734
2085,The Supremes & The Temptations,1,0.080168,0.145507
1630,Robert Parker,1,0.360569,0.49776
2082,The String-A-Longs,1,0.312907,0.465607
2081,The Strangeloves,1,0.402634,0.484945
2079,The Standells,1,0.542391,0.493573
1633,Robin McNamara,1,0.218786,0.39039
2078,The Stampeders,1,0.383304,0.464916
1634,Robin S.,1,0.477246,0.491476
2076,The Spencer Davis Group,1,0.578723,0.532681
2075,The Soul Survivors,1,0.330326,0.484074
1662,Ruff Endz,1,0.392813,0.511635
1664,Rufus Thomas,1,0.550068,0.512442
1981,The Hues Corporation,1,0.393924,0.496008
2007,The Lemon Pipers,1,0.395271,0.498096
1709,Seduction,1,0.307516,0.484976
1708,Secondhand Serenade,1,0.596654,0.568146
2004,The Knack,1,0.59581,0.523241
2005,The LOX,1,0.615033,0.505276
1706,Sean Kingston and Justin Bieber,1,0.0,0.480295
2006,The Left Banke,1,0.574199,0.463034
2009,The Little Dippers,1,0.173313,0.36821
2000,The Killers,1,0.787476,0.70722
1702,Scritti Politti,1,0.583951,0.50995
1701,Scott McKenzie,1,0.471692,0.491129
1700,Scorpions,1,0.747723,0.670621
2014,The Manhattan Transfer,1,0.584194,0.588204
1699,Scarface,1,0.68301,0.562624
1698,Scandal,1,0.568972,0.695736
2002,The Kingston Trio,1,0.572988,0.47193
1710,Selena Gomez,1,0.770825,0.862321
2042,The Paris Sisters,1,0.388159,0.47473
1987,The Intruders,1,0.47392,0.498207
1723,Shawn Mullins,1,0.549402,0.515585
1982,The Human Beinz,1,0.409539,0.484067
1722,Shawn Colvin,1,0.640498,0.544751
1984,The Ides of March,1,0.421072,0.469996
1985,The Ikettes,1,0.423806,0.482426
1720,Shannon,1,0.463828,0.480745
1988,The Irish Rovers,1,0.488619,0.531222
1998,The Jive Five,1,0.350768,0.470369
1993,The Jaggerz,1,0.340347,0.441117
1994,The Jaynetts,1,0.302016,0.474832
1995,The Jeff Healey Band,1,0.460769,0.526315
1715,Shakespears Sister,1,0.497491,0.490325
1996,The Jelly Beans,1,0.399057,0.464419
1712,Shadows of Knight,1,0.459532,0.473009
1697,Saving Abel,1,0.530988,0.557196
2016,The Mar-Keys,1,0.445366,0.465713
2017,The Marcels,1,0.430225,0.48479
1673,Sa-Fire,1,0.434862,0.456623
1678,Sam & Dave,1,0.65387,0.533711
2032,The Newbeats,1,0.418418,0.470843
1677,Salt-n-Pepa and En Vogue,1,0.113798,0.300099
2035,The O'Kaysions,1,0.29131,0.461627
2036,The Oak Ridge Boys,1,0.600584,0.566871
1675,Sailcat,1,0.268847,0.437199
1672,SWV and Puff Daddy,1,0.063603,0.363059
2018,The Marketts,1,0.381483,0.485444
1670,SSgt. Barry Sadler,1,0.316801,0.424085
1669,S Club 7,1,0.55559,0.563212
2040,The Outfield,1,0.555158,0.546874
1668,Rythm Syndicate,1,0.251558,0.299299
2041,The Outsiders,1,0.503485,0.48326
1665,Run–D.M.C.,1,0.756082,0.624315
2030,The New Christy Minstrels,1,0.424514,0.437655
1680,Sam and Dave,1,0.65387,0.533711
2029,The Music Explosion,1,0.335382,0.474882
2028,The Motels,1,0.531514,0.528422
1683,Samantha Mumba,1,0.413464,0.520647
1684,Samantha Sang,1,0.378335,0.476042
1685,Sammi Smith,1,0.422823,0.494909
1686,Sammie,1,0.526491,0.47027
2025,The Moments,1,0.453247,0.497283
1688,Sammy Hagar,1,0.654728,0.557009
1689,Sammy Johns,1,0.346165,0.487346
1691,Sanford-Townsend Band,1,0.29699,0.429426
1692,Santa Esmeralda,1,0.443292,0.511562
2023,The Mindbenders,1,0.420196,0.483395
2022,The Mills Brothers,1,0.569089,0.544589
2021,The McCoys,1,0.456359,0.48736
2019,The Marshall Tucker Band,1,0.640743,0.559364
2064,The Safaris,1,0.347094,0.458687
0,"""Mama"" Cass Elliot",1,0.38227,0.51456
1427,Nivea,1,0.47883,0.515887
487,Dave Loggins,1,0.383515,0.479407
485,"Dave ""Baby"" Cortez",1,0.373628,0.466466
483,Das EFX,1,0.59704,0.560213
481,Daryl Hall,1,0.586963,0.556517
480,Darryl Worley,1,0.47263,0.51559
479,Darius Rucker,1,0.616705,0.7294
478,Danny Williams,1,0.38658,0.471908
476,Daniel Powter,1,0.551476,0.553959
475,Daniel Boone,1,0.386968,0.504089
472,Dan Hartman,1,0.46474,0.48749
470,Damn Yankees,1,0.528115,0.481003
469,Dale and Grace,1,0.336767,0.47837
468,Daft Punk,1,0.844913,0.793987
467,Daddy Yankee,1,0.693398,0.807913
466,Daddy Dewdrop,1,0.297466,0.401989
464,DRS,1,0.350082,0.479181
463,DNA,1,0.570915,0.46317
462,DMX,1,0.754848,0.622132
461,DJ Sammy,1,0.525533,0.527387
460,DJ Kool,1,0.449995,0.505188
457,DHT,1,0.4331,0.489491
456,D4L,1,0.471007,0.53161
455,D12,1,0.654019,0.585067
453,D Mob,1,0.334053,0.462772
486,Dave Edmunds,1,0.560381,0.538555
488,Dave Matthews Band,1,0.753266,0.610602
355,Chamillionaire,1,0.653119,0.606935
489,David Archuleta,1,0.586255,0.56765
528,Deon Estus,1,0.341388,0.454098
527,Deodato,1,0.522433,0.481388
526,Dennis Coffey,1,0.474487,0.473799
525,Denise LaSalle,1,0.458957,0.487969
521,Delbert McClinton,1,0.57461,0.510212
520,Delaney & Bonnie & Friends,1,0.360942,0.478916
518,Del Amitri,1,0.547144,0.518577
517,Default,1,0.535468,0.569974
515,Deep Purple,1,0.810693,0.627709
514,Deep Blue Something,1,0.494553,0.544444
513,Deee-Lite,1,0.561587,0.526017
511,Dee Clark,1,0.423194,0.468476
508,Debby Boone,1,0.410271,0.475974
505,Dean Friedman,1,0.380307,0.445966
503,Dazz Band,1,0.478945,0.481659
502,Dawn,1,0.322106,0.494194
501,David Soul,1,0.434146,0.472194
499,David Rose,1,0.411819,0.450978
498,David Naughton,1,0.340481,0.428024
496,David Houston,1,0.386377,0.45119
494,David Gates,1,0.409297,0.470873
493,David Essex,1,0.535843,0.496242
492,David Cook,1,0.589339,0.553744
452,Céline Dion,1,0.778872,0.772432
451,Cypress Hill,1,0.738233,0.615059
447,Curtis Lee,1,0.358138,0.470079
445,Culture Beat,1,0.496447,0.507049
396,Ciara and Missy Elliott,1,0.749624,0.729409
393,Chuck Mangione,1,0.524898,0.49003
392,Chuck Berry,1,0.773366,0.624259
391,Chubby Checker & Dee Dee Sharp,1,0.0,0.0
388,Christine McVie,1,0.50073,0.477077
386,Christina Milian,1,0.644024,0.59035
385,"Christina Aguilera, Lil' Kim, Mýa and Pink",1,0.787175,0.701268
383,Christie,1,0.501035,0.53314
382,Chris de Burgh,1,0.562695,0.566716
381,Chris Rea,1,0.588449,0.698055
379,Chris Kenner,1,0.436931,0.455711
378,Chris Isaak,1,0.665101,0.709584
373,Chesney Hawkes,1,0.422715,0.472222
372,Cheryl Lynn,1,0.506255,0.505181
371,Cherish,1,0.516067,0.54732
370,Cher and Peter Cetera,1,0.110232,0.273921
369,Cher Lloyd,1,0.566228,0.580727
367,"Checkmates, Ltd.",1,0.204116,0.361035
364,Charlie Dore,1,0.353667,0.433744
363,Charlie Daniels Band,1,0.610842,0.614238
362,Charley Pride,1,0.47659,0.510815
360,Charles & Eddie,1,0.372613,0.473564
359,Charlene,1,0.504162,0.481072
397,Citizen King,1,0.380936,0.472581
399,"Clarence ""Frogman"" Henry",1,0.401589,0.499417
402,Claude King,1,0.386981,0.454244
427,Corona,1,0.596655,0.595341
443,Crystal Gayle,1,0.438913,0.484466
442,Crucial Conflict,1,0.461075,0.49337
440,"Crosby, Stills, Nash & Young",1,0.683525,0.589377
438,Crispian St. Peters,1,0.360244,0.458467
437,Crime Mob and Lil' Scrappy,1,0.088243,0.189711
433,Crazy Town,1,0.562424,0.622133
432,Crazy Elephant,1,0.321909,0.431503
431,Crash Test Dummies,1,0.572812,0.543091
430,Craig Mack,1,0.49327,0.507883
428,Count Five,1,0.530904,0.482958
425,Corina,1,0.494848,0.511483
403,Claudine Clark,1,0.317934,0.443898
422,Conway Twitty,1,0.595413,0.506986
421,Connie Stevens,1,0.404554,0.47452
418,Commander Cody and His Lost Planet Airmen,1,0.40758,0.476852
414,Colby O'Donis,1,0.470357,0.504607
411,Clyde McPhatter,1,0.542633,0.478103
410,Club Nouveau,1,0.433693,0.481548
409,Clint Holmes,1,0.330545,0.421606
407,Climax,1,0.392197,0.456481
405,Cliff Nobles,1,0.312637,0.476315
404,Clay Aiken,1,0.544429,0.539955
529,Deon Jackson,1,0.32769,0.480174
530,Depeche Mode,1,0.837047,0.657815
531,Derek and the Dominos,1,0.622814,0.56659
619,Eddie Rabbitt and Crystal Gayle,1,0.05572,0.374292
657,Erick Sermon,1,0.567967,0.520718
656,Eric Weissberg & Steve Mandell,1,0.19011,0.34107
654,Eric Church,1,0.690021,0.770079
652,Eric Burdon & War,1,0.27116,0.0
651,Eric Benét,1,0.579804,0.575583
650,Erasure,1,0.69555,0.592449
649,Enya,1,0.737744,0.777953
643,"Eminem, Dr. Dre and 50 Cent",1,0.084386,0.224672
641,Emilio Pericoli,1,0.298843,0.466141
640,Emeli Sandé,1,0.589679,0.68037
638,Elvin Bishop,1,0.549104,0.555247
637,Elton John & Kiki Dee,1,0.0,0.258983
635,Elliott Yamin,1,0.495054,0.525901
634,Ellie Goulding,1,0.750632,0.901275
631,El DeBarge,1,0.484024,0.52237
630,Eiffel 65,1,0.561925,0.612535
628,Edwin McCain,1,0.572426,0.502535
627,Edwin Hawkins Singers,1,0.38621,0.504483
626,Edward Maya,1,0.543544,0.705946
625,Edward Bear,1,0.354266,0.469309
624,Edison Lighthouse,1,0.405855,0.491351
623,Edie Brickell & New Bohemians,1,0.322191,0.504677
621,Eden's Crush,1,0.328196,0.339268
658,Ernie K-Doe,1,0.503961,0.463016
659,Ernie Maresca,1,0.353521,0.475715
660,Eruption,1,0.406494,0.471979
682,Faith No More,1,0.762954,0.725686
702,Five Americans,1,0.418835,0.50221
701,Five,1,0.55356,0.591367
700,Firefall,1,0.479949,0.485765
696,Filter,1,0.629298,0.567791
693,Ferlin Husky,1,0.481777,0.475642
689,Fastball,1,0.563613,0.525102
688,Faron Young,1,0.573915,0.507659
686,Fantasia,1,0.638935,0.604435
685,Fancy,1,0.546034,0.531205
683,Falco,1,0.606843,0.531211
678,Eydie Gormé,1,0.432377,0.466523
662,Estelle,1,0.625205,0.602002
675,Exile,1,0.59657,0.764387
674,Everything but the Girl,1,0.650607,0.527149
673,Every Mother's Son,1,0.338513,0.494959
672,Everlast,1,0.613634,0.583643
671,Everclear,1,0.638202,0.601861
670,"Evelyn ""Champagne"" King",1,0.536095,0.498303
669,Eve 6,1,0.594685,0.525337
666,Evan and Jaron,1,0.407984,0.476628
664,Europe,1,0.689461,0.559351
663,Eternal,1,0.535938,0.506841
620,Eddy Grant,1,0.55877,0.519093
617,Eddie Murphy,1,0.645407,0.561618
532,Des'ree,1,0.523141,0.525231
614,Eddie Holman,1,0.423456,0.47985
566,Dixie Belles,1,0.278501,0.389399
565,Divinyls,1,0.522212,0.536204
563,Dishwalla,1,0.551428,0.504301
562,Disco-Tex and the Sex-O-Lettes,1,0.311967,0.46553
561,Dirty Vegas,1,0.542871,0.533272
559,"Dionne and Friends (Dionne Warwick, Gladys Knight, Elton John and Stevie Wonder)",1,0.638665,0.587998
558,Dionne Warwick & The Spinners,1,0.189697,0.344725
556,Dionne Farris,1,0.437773,0.475162
555,Dion and the Belmonts,1,0.534851,0.573892
553,"Dino, Desi & Billy",1,0.300499,0.393471
550,Digital Underground,1,0.598889,0.534529
549,Digable Planets,1,0.609744,0.541899
548,Dierks Bentley,1,0.67781,0.740536
546,Diddy – Dirty Money,1,0.580192,0.596699
545,Diddy,1,0.743661,0.60047
542,Diane Renay,1,0.317685,0.421028
541,Diana Ross & Marvin Gaye,1,0.009977,0.437984
540,Diana Ross & Lionel Richie,1,0.102651,0.225777
538,Diana King,1,0.481599,0.487787
537,Diamond Rio,1,0.575286,0.565624
536,Dexys Midnight Runners,1,0.611398,0.543645
535,Devo,1,0.743663,0.560997
534,Dev,1,0.62819,0.568462
568,Do or Die,1,0.581998,0.498757
569,Dobie Gray,1,0.498037,0.485355
571,Domino,1,0.559215,0.451742
598,Duane Eddy,1,0.608205,0.563293
612,Ed Sheeran,1,0.736723,0.895886
611,Ed Ames,1,0.419385,0.46249
610,"Earth, Wind & Fire & The Emotions",1,0.029312,0.363507
608,Eamon,1,0.516332,0.550792
606,Eagle-Eye Cherry,1,0.554452,0.554899
605,EMF,1,0.566348,0.577917
604,E-40,1,0.713596,0.671357
603,Dwight Twilley Band,1,0.401189,0.471672
600,Duncan Sheik,1,0.594779,0.519181
599,Duice,1,0.299772,0.441333
596,Dream Academy,1,0.483792,0.479742
572,Don Gibson,1,0.543928,0.497782
595,Dream,1,0.642292,0.688478
593,Dr. John,1,0.686638,0.572562
589,Dr. Buzzard's Original Savannah Band,1,0.409238,0.496237
588,Dottie West & Kenny Rogers,1,,
587,Dorothy Moore,1,0.432108,0.493601
586,Doris Troy,1,0.46023,0.478656
584,Donny and Marie Osmond,1,0.378047,0.440018
581,Donnie Brooks,1,0.338373,0.429763
580,Donna Summer and Brooklyn Dreams,1,0.030967,0.068074
575,Don and Juan,1,0.353979,0.47218
358,Chanté Moore,1,0.503115,0.497547
354,Chaka Khan,1,0.736639,0.58622
704,Five Stairsteps,1,0.445483,0.533342
135,B.W. Stevenson,1,0.367953,0.486215
131,B-Rock and the Bizz,1,0.266057,0.383207
128,Avicii,1,0.74502,0.896362
125,Audioslave,1,0.735271,0.605039
121,Ashlee Simpson,1,0.642316,0.531843
120,Ashford & Simpson,1,0.560043,0.527811
119,Asher Roth,1,0.642444,0.539017
117,Arthur Lyman,1,0.424386,0.474404
116,Arthur Conley,1,0.487039,0.484876
114,Arlo Guthrie,1,0.529346,0.530184
113,Ariana Grande,1,0.688664,0.892172
112,Argent,1,0.531148,0.478627
111,Aretha Franklin and George Michael,1,0.1073,0.298074
109,Archie Bell & the Drells,1,0.484618,0.474485
108,Arcadia,1,0.518877,0.524158
107,Aqua,1,0.599339,0.550799
106,Apollo 100,1,0.301704,0.474727
105,Another Bad Creation,1,0.397259,0.47427
104,Annie Lennox,1,0.709697,0.700863
103,Annette Funicello,1,0.464087,0.468753
101,Anna Kendrick,1,0.477339,0.54786
100,Ann Wilson and Robin Zander,1,0.110778,0.243947
99,Anita Ward,1,0.429585,0.492868
96,Animotion,1,0.467754,0.46808
132,B.B. King,1,0.780513,0.637317
137,B2K,1,0.54663,0.574582
353,Chairmen of the Board,1,0.484371,0.489917
138,B2K and P. Diddy,1,0.127242,0.120487
178,Berlin,1,0.654095,0.61567
177,Bent Fabric,1,0.346392,0.479841
176,Benny Mardones,1,0.39953,0.475432
172,Beenie Man,1,0.623633,0.500741
170,Beck,1,0.785995,0.759666
169,Beastie Boys,1,0.801557,0.607214
168,Bazuka,1,0.374117,0.43915
165,Barry McGuire,1,0.504239,0.488129
164,Barry Mann,1,0.426761,0.468918
162,Barrett Strong,1,0.415014,0.479262
161,Barenaked Ladies,1,0.684891,0.590115
160,Barbra Streisand and Bryan Adams,1,0.0,0.0
159,Barbra Streisand & Donna Summer,1,0.0,0.0
156,Barbara Mason,1,0.434314,0.4846
155,Barbara Lynn,1,0.4369,0.479963
153,Barbara George,1,0.355743,0.482989
151,Baltimora,1,0.488508,0.529736
149,Bad Meets Evil,1,0.563347,0.625642
145,Bachman–Turner Overdrive,1,0.618542,0.567591
144,Bachman-Turner Overdrive,1,0.618542,0.567591
142,Baby Boy da Prince,1,0.380094,0.488624
140,Baauer,1,0.560268,0.704281
139,BBMak,1,0.425663,0.504162
95,Angie Martinez,1,0.428313,0.483699
91,Andrew Gold,1,0.459685,0.536319
90,Andrea True Connection,1,0.430207,0.490672
89,Amy Winehouse,1,0.804708,0.749947
40,Ace Cannon,1,0.35357,0.445761
39,Ace,1,0.550439,0.468976
37,Aaron Hall,1,0.475637,0.473901
35,AZ,1,0.64017,0.517612
34,AWOLNATION,1,0.602478,0.727233
33,ASAP Rocky,1,0.677332,0.772155
30,A'me Lorain,1,0.259628,0.236449
28,A Flock of Seagulls,1,0.574759,0.516525
27,? & the Mysterians,1,0.543528,0.494692
25,95 South,1,0.383595,0.441984
24,8th Day,1,0.321279,0.44358
20,4 P.M.,1,0.452527,0.408248
19,4 Non Blondes,1,0.573219,0.583537
18,3T,1,0.447969,0.527712
16,3LW,1,0.465586,0.500078
15,38 Special,1,0.596615,0.57305
12,20 Fingers,1,0.398673,0.47354
11,2 Pistols,1,0.417835,0.515981
6,100 Proof (Aged in Soul),1,0.288791,0.475687
5,"10,000 Maniacs",1,0.584107,0.534211
4,.38 Special,1,0.596615,0.57305
3,'Til Tuesday,1,0.503277,0.503645
2,'N Sync and Gloria Estefan,1,0.093448,0.315791
41,Ace Frehley,1,0.6406,0.546269
42,Ace Hood,1,0.627981,0.663868
44,Acker Bilk,1,0.438647,0.489331
70,Alex Clare,1,0.534106,0.616095
87,Amii Stewart,1,0.431954,0.490826
86,Amerie,1,0.548068,0.552943
83,Amber,1,0.55347,0.49292
82,Amazing Rhythm Aces,1,0.39587,0.479183
81,Amanda Perez,1,0.435649,0.526596
79,"Allen, KrisKris Allen",1,0.463209,0.479468
78,Allan Sherman,1,0.404084,0.457657
76,All Saints,1,0.578409,0.604264
75,Alive N Kickin',1,0.290473,0.421294
72,Alice Deejay,1,0.514548,0.532906
69,Albert Hammond,1,0.473938,0.504021
45,Adam Ant,1,0.578272,0.519691
68,Alannah Myles,1,0.53201,0.532856
66,Alan O'Day,1,0.371584,0.439887
64,Alabama and 'N Sync,1,0.707168,0.600641
62,Al Wilson,1,0.412249,0.492059
57,Al B. Sure!,1,0.554001,0.523325
54,Ahmad,1,0.48179,0.455053
53,After the Fire,1,0.46667,0.478561
50,Adina Howard,1,0.4802,0.499803
47,Adam Lambert,1,0.685498,0.816103
46,Adam Clayton and Larry Mullen,1,0.224747,0.34883
180,Bertie Higgins,1,0.389922,0.569992
182,Better Than Ezra,1,0.617387,0.532467
183,Betty Everett,1,0.471223,0.475536
264,Bobby Womack,1,0.668908,0.56223
311,Buckner & Garcia,1,0.351506,0.473681
310,Buckcherry,1,0.660925,0.646623
309,Bubba Sparxxx,1,0.562382,0.584154
308,"Bryan Adams, Rod Stewart and Sting",1,0.748057,0.762037
305,Bruce Willis,1,0.525228,0.530842
302,Bruce Channel,1,0.412207,0.485113
301,Brownsville Station,1,0.457631,0.46957
300,Brownstone,1,0.490585,0.488454
298,Brooke Valentine,1,0.419534,0.478036
295,Brick,1,0.522364,0.494609
292,Brewer & Shipley,1,0.361598,0.484531
291,Brenton Wood,1,0.512619,0.542144
290,Brenda Russell,1,0.486406,0.510062
288,Brenda K. Starr,1,0.387501,0.470362
287,Brenda & the Tabulations,1,0.34025,0.456323
285,Breakfast Club,1,0.323511,0.495378
283,Brandy and Monica,1,0.401138,0.471726
281,Brad Paisley and Carrie Underwood,1,0.750363,0.729174
280,Brad Paisley,1,0.750363,0.729174
276,Boys Club,1,0.439558,0.38687
275,Boy Meets Girl,1,0.417526,0.494367
274,Boy Krazy,1,0.309094,0.338926
271,Booker T. & the M.G.'s,1,0.651899,0.581441
312,Buffalo Springfield,1,0.68036,0.521199
314,Burton Cummings,1,0.504625,0.471972
316,Busta Rhymes and Mariah Carey,1,0.761542,0.64713
334,Carly Rae Jepsen,1,0.680629,0.798568
352,Chad Kroeger,1,0.540937,0.490322
351,Chad Brock,1,0.355922,0.488261
350,Chad & Jeremy,1,0.481125,0.463305
349,Celine Dion and Peabo Bryson,1,0.196051,0.458654
347,Cee Lo Green,1,0.710814,0.728318
343,Cassie,1,0.585161,0.602341
342,Cassidy,1,0.620304,0.566048
340,Cascada,1,0.631385,0.65855
337,Carol Douglas,1,0.360649,0.458245
336,Carly Simon & James Taylor,1,0.082051,0.441823
332,Carl Thomas,1,0.572813,0.56968
317,Buzz Clifford,1,0.323237,0.463689
331,Carl Douglas,1,0.458862,0.517121
330,Captain Hollywood Project,1,0.393741,0.477174
328,Capital Cities,1,0.581602,0.742193
327,Candi Staton,1,0.502207,0.497485
326,Cameo,1,0.602765,0.533235
323,Calloway,1,0.355258,0.445177
322,Cali Swag District,1,0.50762,0.554482
321,Ca$h Out,1,0.545692,0.585704
320,C.J. & Company,1,0.231984,0.282782
319,C. W. McCall,1,0.442329,0.51995
267,Bonnie Pointer,1,0.384611,0.450603
261,Bobby Valentino,1,0.457193,0.455006
184,Betty Everett & Jerry Butler,1,0.0,0.30546
258,Bobby McFerrin,1,0.649627,0.54635
216,Biz Markie,1,0.624112,0.519703
215,Billy Vera and the Beaters,1,0.399736,0.486939
214,Billy Vaughn,1,0.391679,0.531886
213,Billy Swan,1,0.406187,0.478946
211,Billy Ray Cyrus,1,0.608025,0.547928
210,Billy Preston and Syreeta,1,0.244713,0.392984
208,Billy Paul,1,0.546438,0.499682
205,Billy Joe and the Checkmates,1,0.236913,0.386424
204,Billy Joe Royal,1,0.463899,0.490093
201,Billy Currington,1,0.599886,0.577844
200,Billy Bland,1,0.293453,0.461592
199,Billie Myers,1,0.430389,0.472794
197,Bill Pursell,1,0.281682,0.441522
196,Bill Medley and Jennifer Warnes,1,0.316352,0.496691
195,Bill Cosby,1,0.584114,0.500489
194,"Bill Conti, DeEtta Little and Nelson Pigford",1,0.503863,0.497462
193,Bill Anderson,1,0.4202,0.457681
192,Big Tymers,1,0.513616,0.51433
190,Big Pun,1,0.683632,0.597007
189,Big Mountain,1,0.510612,0.558623
188,Big Brother and the Holding Company,1,0.558375,0.501745
186,Beverly Bremers,1,0.323251,0.383481
185,Betty Wright,1,0.598285,0.589163
221,Blessid Union of Souls,1,0.485769,0.526654
222,Blink 182,1,0.814486,0.616957
225,Bloodstone,1,0.486096,0.50783
240,Bob Moore,1,0.35455,0.399627
256,Bobby Hebb,1,0.442635,0.502219
254,Bobby Fuller Four,1,0.462958,0.469413
253,Bobby Freeman,1,0.431989,0.504082
251,Bobby Caldwell,1,0.583835,0.5423
249,Bobby Bare,1,0.55808,0.561794
248,"Bobby ""Boris"" Pickett and the Crypt-Kickers",1,0.097273,0.421271
247,Bobbie Gentry,1,0.490015,0.513474
246,Bobbi Martin,1,0.264729,0.402587
244,Bob Seger and the Silver Bullet Band,1,0.232891,0.401039
243,Bob Seger System,1,0.398761,0.387198
239,Bob Luman,1,0.405644,0.504638
226,Blu Cantrell,1,0.489362,0.578648
238,Bob Lind,1,0.401928,0.463144
236,BoDeans,1,0.548715,0.501926
235,Bo Donaldson and The Heywoods,1,0.314099,0.410255
233,Blues Magoos,1,0.470599,0.497673
232,Blues Image,1,0.377248,0.504104
231,Blue Swede,1,0.432397,0.581814
230,Blue Ridge Rangers,1,0.24788,0.257087
229,Blue October,1,0.607631,0.615481
228,Blue Magic,1,0.493779,0.499393
227,Blue Cheer,1,0.610248,0.520788
703,Five Man Electrical Band,1,0.365137,0.486633
708,Floetry,1,0.522716,0.546903
1426,Nitty Gritty Dirt Band,1,0.562438,0.555231
1221,Luke,1,0.543023,0.509772
1217,Love and Rockets,1,0.594391,0.569842
1216,Love Unlimited Orchestra,1,0.430435,0.408522
1215,Love Unlimited,1,0.495081,0.497418
1214,Louis Armstrong,1,0.774476,0.687757
1210,Lou Bega,1,0.532186,0.552568
1208,Los Lonely Boys,1,0.540696,0.549888
1207,Los Lobos,1,0.675486,0.512876
1206,Los Indios Tabajaras,1,0.235401,0.47108
1205,Los Bravos,1,0.325303,0.490181
1204,Loreena McKennitt,1,0.61733,0.584
1203,Lorde,1,0.680414,0.778499
1202,Lord Tariq and Peter Gunz,1,0.411121,0.40097
1201,Lord David Dundas,1,0.318004,0.359108
1200,Looking Glass,1,0.503537,0.488848
1199,Lonnie Mack,1,0.507449,0.469283
1198,Lonnie Donegan,1,0.550064,0.489031
1196,Londonbeat,1,0.429451,0.491063
1195,London Symphony Orchestra,1,0.598617,0.639668
1194,Loggins and Messina,1,0.552086,0.530259
1192,Lloyd Price,1,0.534794,0.483452
1191,Lloyd Banks,1,0.667293,0.567324
1189,Little Stevie Wonder,1,0.360252,0.391449
1187,Little Peggy March,1,0.365171,0.496455
1219,Lovin' Spoonful,1,0.567114,0.492664
1223,Lulu,1,0.477557,0.514198
1092,Kenny Loggins & Stevie Nicks,1,,
1224,Lumidee,1,0.47213,0.530416
1259,Mark Lindsay,1,0.417004,0.45198
1258,Mark Dinning,1,0.36554,0.443658
1257,Mark Chesnutt,1,0.547567,0.574231
1256,Mario Winans,1,0.519789,0.513063
1254,"Marilyn McCoo & Billy Davis, Jr.",1,0.320979,0.396874
1253,Mariah Carey and Boyz II Men,1,0.009983,0.0
1251,Maria Muldaur,1,0.495245,0.49508
1250,Marcy Playground,1,0.573051,0.575226
1248,Manfred Mann's Earth Band,1,0.534528,0.498253
1245,Major Harris,1,0.435839,0.456394
1243,Madness,1,0.689116,0.573136
1242,Macy Gray,1,0.641662,0.582024
1240,Mac and Katie Kissoon,1,0.299162,0.331521
1238,MFSB,1,0.499577,0.494415
1235,M.I.A.,1,0.735357,0.715542
1234,M,1,0.64091,0.660648
1233,Lynyrd Skynyrd,1,0.772869,0.654279
1232,Lynn Anderson,1,0.563957,0.566867
1231,Luther Vandross and Mariah Carey,1,0.0,0.0
1230,Luther Vandross and Janet Jackson,1,0.0,0.436611
1228,Luther Ingram,1,0.41611,0.496989
1227,Luscious Jackson,1,0.527417,0.544808
1225,Luniz,1,0.528468,0.513518
1186,Little Eva,1,0.487787,0.513871
1185,Little Caesar & the Romans,1,0.281083,0.472476
1184,Little Big Town,1,0.671064,0.750035
1183,Little Anthony and the Imperials,1,0.51984,0.488577
1136,Lamont Dozier,1,0.487515,0.462668
1133,Labelle,1,0.592992,0.480137
1132,La Roux,1,0.678887,0.598811
1130,LSG,1,0.446378,0.484011
1126,L.T.D.,1,0.356167,0.550319
1125,Kyu Sakamoto,1,0.413109,0.486228
1124,Kyper,1,0.344556,0.388918
1122,Kristinia DeBarge,1,0.476613,0.522896
1120,Kris Kristofferson,1,0.647413,0.570356
1118,Kool & The Gang,1,0.691664,0.633799
1117,Kokomo,1,0.470422,0.483776
1116,Klymaxx,1,0.402564,0.459297
1114,Kirko Bangz,1,0.584585,0.582435
1113,Kip Moore,1,0.546387,0.578865
1111,King Harvest,1,0.449341,0.51749
1110,King Floyd,1,0.409104,0.504538
1109,King Curtis,1,0.496127,0.488268
1105,Kid Cudi,1,0.765721,0.681092
1103,Kevon Edmonds,1,0.425957,0.468328
1101,Kevin Lyttle,1,0.448452,0.507938
1100,Ketty Lester,1,0.382379,0.470466
1098,Kenny Rogers and Sheena Easton,1,0.206823,0.4359
1097,Kenny Rogers and Dolly Parton,1,0.304246,0.389207
1137,Lana Del Rey and Cédric Gervais,1,0.713938,0.823535
1138,Larry Finnegan,1,0.257332,0.433424
1140,Larry Hall,1,0.321508,0.463646
1167,Lil' Mo,1,0.48558,0.540431
1182,Lita Ford and Ozzy Osbourne,1,0.524785,0.508001
1181,Lisa Stansfield,1,0.578576,0.557265
1180,Lisa Loeb and Nine Stories,1,0.302939,0.494113
1179,Lisa Loeb,1,0.587473,0.571721
1177,Lipps Inc,1,0.46491,0.501096
1174,Linear,1,0.312939,0.485936
1173,Lindsey Buckingham,1,0.613574,0.540502
1171,Linda Ronstadt and James Ingram,1,0.067954,0.180633
1170,Linda Ronstadt and Aaron Neville,1,0.267667,0.38068
1168,Lil' Romeo,1,0.45554,0.46846
1164,Lil' Bow Wow,1,0.32237,0.006655
1141,Larry Verne,1,0.276504,0.446277
1162,Lil Jon & the East Side Boyz,1,0.696651,0.784921
1161,Lil Jon & The East Side Boyz,1,0.696651,0.784921
1158,Level 42,1,0.619533,0.55472
1153,Len,1,0.417185,0.521144
1152,Leif Garrett,1,0.428362,0.475314
1151,Lee Michaels,1,0.386759,0.478218
1149,Lee Brice,1,0.591785,0.730657
1147,LeVert,1,0.413581,0.494954
1146,LeBlanc & Carr,1,0.259567,0.397836
1144,Lawrence Welk,1,0.526749,0.55977
1260,Mark Morrison,1,0.517379,0.521521
1261,Mark Wills,1,0.479924,0.586235
1263,Marmalade,1,0.538458,0.482699
1348,Mokenstef,1,0.335324,0.478578
1380,Nas and Bravehearts,1,0.086917,0.114444
1379,Nas,1,0.835093,0.623052
1378,Nancy Wilson,1,0.629638,0.519072
1377,Nancy Sinatra,1,0.643737,0.57428
1375,N2Deep,1,0.374232,0.476609
1374,N.O.R.E.,1,0.569772,0.527086
1373,N II U,1,0.177125,0.202858
1372,Mýa and Sisqo,1,0.599969,0.588242
1370,Mötley Crüe,1,0.762072,0.65789
1368,My Chemical Romance,1,0.741632,0.636196
1366,Musical Youth,1,0.46939,0.48682
1365,Murray Head & The Trindad Singers,1,,
1364,Murray Head,1,0.372667,0.449868
1363,Mungo Jerry,1,0.540037,0.589723
1362,Mumford & Sons,1,0.69612,0.795356
1361,Mr. President,1,0.528667,0.572294
1359,Mr. Cheeks,1,0.421413,0.473933
1357,Moving Pictures,1,0.440952,0.501047
1356,Mouth & MacNeal,1,0.276165,0.477358
1355,Mountain,1,0.648534,0.547363
1354,Motherlode,1,0.399418,0.427206
1353,Morris Albert,1,0.377697,0.492388
1352,Moody Blues,1,0.714358,0.576416
1382,Natalie,1,0.493915,0.49748
1386,Natural Selection,1,0.438332,0.414941
1388,Nazareth,1,0.646065,0.621066
1412,Nick Cannon,1,0.533298,0.473393
1425,Nirvana,1,0.889064,0.712987
1424,Nino Tempo & April Stevens,1,0.348161,0.446742
1423,Nine Days,1,0.527365,0.497523
1422,Nina Sky,1,0.528496,0.515113
1420,Nigel Olsson,1,0.368216,0.424843
1419,Nicolette Larson,1,0.439343,0.478476
1418,Nicole,1,0.529909,0.540919
1416,Nicki French,1,0.414424,0.472501
1414,Nick Lachey,1,0.543592,0.486063
1413,Nick Gilder,1,0.41865,0.46999
1410,New York City,1,0.505962,0.496054
1390,Ned Miller,1,0.332644,0.461688
1409,New Vaudeville Band,1,0.342352,0.482831
1406,New Colony Six,1,0.317796,0.400279
1403,Neneh Cherry,1,0.615775,0.544879
1402,Nena,1,0.60036,0.560511
1400,"Nelly, Paul Wall and Ali & Gipp",1,0.752542,0.788832
1399,"Nelly, P. Diddy and Murphy Lee",1,0.185873,0.295932
1396,Neil Young,1,0.852733,0.757458
1395,Neil Sedaka & Elton John,1,,
1393,Neil Diamond & Barbra Streisand,1,,
1391,Neil & Dara Sedaka,1,0.072611,0.171201
1350,Monifah,1,0.429134,0.515452
1347,Mocedades,1,0.420148,0.532569
1266,Martika,1,0.505535,0.541015
1346,Moby,1,0.778087,0.714647
1307,Merrilee Rush,1,0.369716,0.462395
1305,Meredith Brooks,1,0.502238,0.520961
1304,Mercy,1,0.370015,0.494493
1302,Men Without Hats,1,0.537636,0.500851
1301,Mellow Man Ace,1,0.424857,0.447644
1297,Mel and Tim,1,0.332861,0.485302
1296,Mel Carter,1,0.37903,0.482975
1295,Meco,1,0.489041,0.485704
1293,McFadden & Whitehead,1,0.429738,0.494861
1289,Maurice Williams and the Zodiacs,1,0.44738,0.48647
1288,Maureen McGovern,1,0.396964,0.500973
1287,Matthews Southern Comfort,1,0.365094,0.476105
1286,Matthew Wilder,1,0.400084,0.503745
1285,Matt Monro,1,0.524848,0.54538
1283,Matchbox 20,1,0.576364,0.512611
1281,Mason Williams,1,0.459897,0.471507
1278,Mary Mary,1,0.644001,0.589461
1277,Mary MacGregor,1,0.347462,0.458265
1276,Mary Jane Girls,1,0.494056,0.50709
1274,Mary Hopkin,1,0.474563,0.476761
1273,Marvin Hamlisch,1,0.46259,0.487038
1268,Marty Balin,1,0.421716,0.461772
1267,Martin Page,1,0.373441,0.492386
1308,Metallica,1,0.888408,0.77268
1309,Method Man,1,0.729582,0.628312
1310,Metro Station,1,0.611022,0.532021
1328,Mickey Gilley,1,0.41634,0.488574
1345,Mo Thugs,1,0.299262,0.464083
1344,Mitch Ryder & the Detroit Wheels,1,0.436358,0.466128
1341,Mint Condition,1,0.637051,0.544195
1340,Minnie Riperton,1,0.631468,0.523533
1339,Mims,1,0.51325,0.496688
1338,Millie,1,0.428735,0.479986
1335,Mike Reno and Ann Wilson,1,0.163936,0.240616
1334,Mike Post,1,0.412181,0.475217
1332,Mike Oldfield,1,0.68722,0.576121
1331,Mike Jones,1,0.59866,0.501407
1326,Michel'le,1,0.429289,0.493694
1313,Michael Bublé,1,0.716585,0.777181
1325,Michael W. Smith,1,0.636485,0.623534
1324,Michael Sembello,1,0.481972,0.534418
1323,Michael Murphey,1,0.303392,0.459465
1321,Michael Martin Murphey,1,0.529183,0.531025
1320,Michael Johnson,1,0.455374,0.515161
1319,Michael Jackson with Siedah Garrett,1,0.870374,0.753392
1318,Michael Jackson and Paul McCartney,1,0.0,0.0
1317,Michael Jackson and Janet Jackson,1,0.870374,0.753392
1315,Michael Franti & Spearhead,1,0.626627,0.567941
1314,Michael Damian,1,0.2999,0.469657
1095,Kenny Rogers & Kim Carnes,1,0.124003,0.289747
1088,Kenny Ball,1,0.36495,0.467573
711,Focus,1,0.655741,0.598678
851,Huey,1,0.505546,0.55353
848,Houston,1,0.593362,0.532838
847,House of Pain,1,0.643051,0.589058
845,Hot Chelle Rae,1,0.524656,0.557041
844,Hot Butter,1,0.414951,0.504706
843,Hot,1,0.526411,0.465889
842,Horst Jankowski,1,0.333655,0.459175
840,Hoobastank,1,0.64469,0.609444
839,Honey Cone,1,0.402999,0.471514
837,High Inergy,1,0.313664,0.484396
834,Herb Alpert and the Tijuana Brass,1,0.521057,0.566153
831,Henry Gross,1,0.343127,0.470289
830,Hellogoodbye,1,0.626124,0.525168
827,Heavy D,1,0.582379,0.505164
824,Havana Brown,1,0.527523,0.588193
821,Harold Melvin & the Blue Notes,1,0.53465,0.497878
820,Harold Faltermeyer,1,0.491438,0.514879
818,Hank Locklin,1,0.455358,0.492579
817,Hank Ballard and The Midnighters,1,0.342945,0.452841
812,H-Town,1,0.569856,0.528546
809,Guy Mitchell,1,0.431124,0.485203
807,"Grover Washington, Jr. & Bill Withers",1,0.05794,0.174936
805,Gretchen Wilson,1,0.571446,0.563333
804,Gregory Abbott,1,0.398527,0.531082
850,Howie Day,1,0.616015,0.556498
853,Hugh Masekela,1,0.570349,0.487341
1087,Kendrick Lamar,1,0.74003,0.80281
854,Hugo Montenegro,1,0.455472,0.484941
900,James Ingram and Michael McDonald,1,0.495685,0.489433
899,James Ingram,1,0.495685,0.489433
898,James Darren,1,0.385575,0.483001
896,James Blunt,1,0.689915,0.722258
895,James & Bobby Purify,1,0.402314,0.483044
894,Jake Owen,1,0.594407,0.649317
890,Jadakiss,1,0.718422,0.673947
886,Jack Wagner,1,0.419041,0.492894
884,Jack Jones,1,0.514037,0.578349
882,JT Money,1,0.403961,0.481942
881,J.D. Souther,1,0.486407,0.456708
879,J. Frank Wilson and the Cavaliers,1,0.24494,0.485255
877,J-Kwon,1,0.480231,0.541782
873,Instant Funk,1,0.417829,0.499699
870,Information Society,1,0.582576,0.566908
869,Inez and Charlie Foxx,1,0.262759,0.484534
868,Incubus,1,0.784586,0.614349
864,Icona Pop,1,0.607501,0.749033
863,Icehouse,1,0.507153,0.498718
861,Ian Whitcomb,1,0.31335,0.437391
860,Ian Matthews,1,0.380898,0.454553
857,Hurricane Smith,1,0.31191,0.470222
856,Hurricane Chris,1,0.549554,0.543172
803,Greg Guidry,1,0.299462,0.310827
802,Green Jellÿ,1,0.511657,0.522463
800,Great White,1,0.585415,0.589427
798,Grand Funk,1,0.495914,0.482515
742,Gabrielle,1,0.511843,0.53844
740,G-Unit,1,0.698082,0.60864
739,Fuel,1,0.597961,0.571467
738,Frijid Pink,1,0.405016,0.486096
737,Friend & Lover,1,0.351262,0.471807
736,Frida,1,0.584507,0.547033
735,Free,1,0.680332,0.558031
732,Freddie and the Dreamers,1,0.460468,0.484153
731,Freddie Hart,1,0.390428,0.452631
729,Freak Nasty,1,0.408244,0.479214
726,Frankie Avalon,1,0.531875,0.492584
725,Franke and the Knockouts,1,0.269644,0.465791
724,Frank Stallone,1,0.378656,0.470815
723,Frank Sinatra,1,0.809188,0.745919
722,Frank Mills,1,0.400806,0.461948
721,Frank & Nancy Sinatra,1,,
720,Foxy Brown,1,0.603082,0.533441
719,Foxy,1,0.4016,0.49454
717,Foster the People,1,0.631344,0.717864
716,Fort Minor,1,0.617721,0.671905
714,Force MDs,1,0.414017,0.481114
713,Foo Fighters,1,0.855409,0.795885
712,Foghat,1,0.618422,0.567195
743,Gale Garnett,1,0.320901,0.439677
744,Gallery,1,0.367588,0.499401
745,Garnet Mimms & and the Enchanters,1,0.248004,0.490508
770,Gerald Levert,1,0.584366,0.556505
797,Gotye,1,0.653574,0.748617
791,Gnarls Barkley,1,0.673411,0.586345
790,Gloria Loring and Carl Anderson,1,0.113166,0.268196
786,Glenn Yarbrough,1,0.350362,0.460782
785,Glenn Medeiros and Bobby Brown,1,0.071162,0.12832
784,Glenn Medeiros,1,0.444737,0.49502
777,Gina G,1,0.382313,0.470241
774,Ghost Town DJ's,1,0.356405,0.493662
772,Gerry Rafferty,1,0.594664,0.552537
771,Gerardo,1,0.474909,0.440577
769,Georgie Fame,1,0.529572,0.489952
746,Gary Lewis & The Playboys,1,0.470672,0.5008
768,Georgia Satellites,1,0.474286,0.495437
766,George Michael and Elton John,1,0.306583,0.380899
764,George McCrae,1,0.422702,0.498412
762,George Duke & Stanley Clarke,1,0.075971,0.227601
759,General Public,1,0.474244,0.558424
757,Gene McDaniels,1,0.401013,0.464585
755,Gene & Debbe,1,0.253967,0.330832
754,Gavin Rossdale,1,0.59742,0.523062
749,Gary Numan,1,0.704131,0.564148
748,Gary Lewis and the Playboys,1,0.389591,0.497683
903,Jamie Walters,1,0.352802,0.496688
904,Jan Bradley,1,0.332105,0.469129
905,Jan Hammer,1,0.584821,0.512103
1009,John Parr,1,0.43122,0.486944
1043,José Feliciano,1,0.593201,0.607456
1042,Joshua Kadison,1,0.44596,0.50478
1041,Jordin Sparks and Chris Brown,1,0.658807,0.603393
1039,Jordan Knight,1,0.467297,0.560212
1038,Joni Mitchell,1,0.783286,0.588563
1037,Jonathan Edwards,1,0.500974,0.479487
1036,Jonas Brothers,1,0.705464,0.5956
1034,Jon Bon Jovi,1,0.52448,0.531127
1032,Johnny and the Hurricanes,1,0.340184,0.473061
1027,Johnny Mathis & Deniece Williams,1,0.257489,0.320115
1026,Johnny Mathis,1,0.638305,0.658877
1025,Johnny Maestro & the Brooklyn Bridge,1,0.359326,0.428779
1024,Johnny Horton,1,0.580865,0.527055
1023,Johnny Hates Jazz,1,0.505959,0.522081
1022,Johnny Gill,1,0.539764,0.547239
1021,Johnny Crawford,1,0.39689,0.502164
1019,Johnny Burnette,1,0.555628,0.478497
1018,Johnny Bristol,1,0.391251,0.509519
1016,John Waite,1,0.556666,0.50592
1014,John Travolta,1,0.479506,0.52044
1013,John Stewart,1,0.462822,0.576182
1012,John Sebastian,1,0.526334,0.472124
1011,John Schneider,1,0.409072,0.469868
1045,Jr. Walker & The All Stars,1,0.475525,0.522352
1046,Jud Strunk,1,0.27862,0.246942
1047,Judy Collins,1,0.621394,0.607928
1070,"Kanye West, Big Sean, Pusha T and 2 Chainz",1,0.877735,0.761182
1086,Kelly Rowland,1,0.694946,0.634711
1085,Kelly Price,1,0.590719,0.567937
1082,Keith Urban,1,0.751227,0.779582
1080,Keith Carradine,1,0.408271,0.488156
1079,Keith,1,0.473813,0.445523
1076,Katrina and the Waves,1,0.5257,0.521812
1075,Kathy Troccoli,1,0.398979,0.452463
1073,Karmin,1,0.560887,0.715459
1072,Karla Bonoff,1,0.462758,0.467316
1071,Kardinal Offishall,1,0.580068,0.5423
1067,Kandi,1,0.59962,0.569464
1048,Juelz Santana,1,0.582988,0.563066
1066,Kajagoogoo,1,0.520007,0.519706
1065,Kai Winding,1,0.432316,0.466153
1064,KWS,1,0.299072,0.475912
1063,KT Tunstall,1,0.663629,0.559037
1061,KC & the Sunshine Band,1,0.619835,0.574468
1060,K. P. & Envyi,1,0.317404,0.459151
1058,Jørgen Ingmann,1,0.289945,0.433306
1054,Junior Walker & the All Stars,1,0.346485,0.446238
1052,Jumpin' Gene Simmons,1,0.317026,0.436922
1051,Julio Iglesias and Willie Nelson,1,0.081579,0.160474
1010,John Paul Young,1,0.434076,0.479723
1008,John Michael Montgomery,1,0.492174,0.526558
907,Jane Child,1,0.368754,0.475652
1003,John Fred & His Playboy Band,1,0.392532,0.479946
953,Jewel Akens,1,0.354179,0.473766
951,Jethro Tull,1,0.754309,0.603454
950,Jet,1,0.65693,0.576333
946,Jessica Andrews,1,0.421678,0.460607
945,Jessi Colter,1,0.485633,0.476595
944,Jesse Powell,1,0.393853,0.490048
941,Jerry Butler & Brenda Lee Eager,1,0.107015,0.246275
939,Jerrod Niemann,1,0.528722,0.582419
938,Jermaine Stewart,1,0.432699,0.540704
936,Jermaine Dupri,1,0.543455,0.553024
935,Jeremy Jordan,1,0.393734,0.482321
933,Jennifer Warnes,1,0.479117,0.512061
932,Jennifer Paige,1,0.456011,0.495701
928,Jeannie C. Riley,1,0.496098,0.536822
927,Jeanne Black,1,0.270459,0.531114
926,Jean Knight,1,0.421269,0.480472
925,Jay-Z and Linkin Park,1,0.179905,0.487805
924,Jay-Z and Kanye West,1,0.338106,0.574014
920,Jay Z,1,0.882358,0.66941
918,Jay Ferguson,1,0.394512,0.489294
917,Jay & the Techniques,1,0.312335,0.471671
912,Jann Arden,1,0.567301,0.64046
911,Janis Joplin,1,0.785737,0.612043
954,Jibbs,1,0.442406,0.496932
957,Jim Reeves,1,0.447465,0.479117
959,Jimmy Buffett,1,0.679354,0.585159
979,Joanie Sommers,1,0.35351,0.498439
999,John Cafferty & The Beaver Brown Band,1,0.366724,0.45555
998,Joey Scarbury,1,0.328615,0.501519
997,Joey McIntyre,1,0.44327,0.573135
996,Joey Lawrence,1,0.334773,0.422157
990,Joe Public,1,0.395569,0.465397
989,Joe Jones,1,0.441903,0.461584
987,Joe Hinton,1,0.302938,0.407861
986,Joe Henderson,1,0.596088,0.488708
985,Joe Dowell,1,0.293406,0.442246
984,Joe Cocker and Jennifer Warnes,1,0.238515,0.380063
978,Joan Osborne,1,0.603616,0.56563
960,Jimmy Castor Bunch,1,0.417376,0.478421
976,Joan Jett & The Blackhearts,1,,
975,Joan Baez,1,0.711166,0.592066
972,Jive Bunny and the Mastermixers,1,0.387909,0.500495
970,Jimmy Smith,1,0.62425,0.526262
969,Jimmy Ruffin,1,0.488389,0.571133
968,Jimmy Ray,1,0.33664,0.487993
966,Jimmy Hughes,1,0.337623,0.488275
965,Jimmy Eat World,1,0.751208,0.585145
963,Jimmy Cliff,1,0.684968,0.602577
961,Jimmy Charles,1,0.30733,0.437392
1139,Larry Groce,1,0.342466,0.477631
